id,name,lat,long,updatedDate,numBikes,numEmptyDocks,installed,locked,installedDate
1,"River Street , Clerkenwell",51.52916347,-0.109970527,2020-10-05 13:19:00,8,10,true,false,2010-07-12 16:08:00
2,"Phillimore Gardens, Kensington",51.49960695,-0.197574246,2020-10-05 13:19:00,24,13,true,false,2010-07-08 11:43:00
3,"Christopher Street, Liverpool Street",51.52128377,-0.084605692,2020-10-05 13:19:00,1,31,true,false,2010-07-04 11:46:00
4,"St. Chad's Street, King's Cross",51.53005939,-0.120973687,2020-10-05 13:19:00,17,3,true,false,2010-07-04 11:58:00
5,"Sedding Street, Sloane Square",51.49313,-0.156876,2020-10-05 13:19:00,26,0,true,false,2010-07-04 12:04:00
6,"Broadcasting House, Marylebone",51.51811784,-0.144228881,2020-10-05 13:19:00,13,5,true,false,2010-07-04 12:08:00
7,"Charlbert Street, St. John's Wood",51.53430039,-0.1680743,2020-10-05 13:19:00,8,6,true,false,2010-07-04 12:10:00
8,"Maida Vale, Maida Vale",51.529857,-0.18348604,2020-10-05 13:19:00,12,24,true,false,2018-10-31 11:16:00
9,"New Globe Walk, Bankside",51.5073853,-0.096440751,2020-10-05 13:19:00,4,15,true,false,2010-07-04 12:19:00
10,"Park Street, Bankside",51.50597426,-0.092754157,2020-10-05 13:19:00,8,9,true,false,2010-07-04 12:21:00
11,"Brunswick Square, Bloomsbury",51.52395143,-0.122502346,2020-10-05 13:19:00,22,1,true,false,2010-07-05 15:34:00
12,"Malet Street, Bloomsbury",51.52168078,-0.130431727,2020-10-05 13:19:00,5,43,true,false,2010-07-05 15:37:00
13,"Scala Street, Fitzrovia",51.51991453,-0.136039674,2020-10-05 13:19:00,13,8,true,false,2010-07-05 15:40:00
14,"Belgrove Street , King's Cross",51.52994371,-0.123616824,2020-10-05 13:19:00,38,9,true,false,2010-07-05 15:44:00
15,"Great Russell Street, Bloomsbury",51.51772703,-0.127854211,2020-10-05 13:19:00,13,12,true,false,2010-07-05 15:47:00
16,"Cartwright Gardens , Bloomsbury",51.52635795,-0.125979294,2020-10-05 13:19:00,6,16,true,false,2010-07-05 15:50:00
17,"Hatton Wall, Holborn",51.5216612,-0.109006325,2020-10-05 13:19:00,9,16,true,false,2010-07-06 14:42:00
18,"Drury Lane, Covent Garden",51.51477076,-0.12221963,2020-10-05 13:19:00,9,18,true,false,2010-07-06 15:25:00
19,"Taviton Street, Bloomsbury",51.52505093,-0.131161087,2020-10-05 13:19:00,29,1,true,false,2010-07-06 15:32:00
20,"Drummond Street , Euston",51.527326,-0.13605286,2020-10-05 13:19:00,20,5,true,false,2018-12-13 00:00:00
22,"Northington Street , Holborn",51.5222641,-0.114079481,2020-10-05 13:19:00,10,7,true,false,2010-07-06 16:08:00
23,"Red Lion Square, Holborn",51.51943538,-0.119123345,2020-10-05 13:19:00,5,9,true,false,2010-07-06 16:15:00
24,"British Museum, Bloomsbury",51.51908011,-0.124678402,2020-10-05 13:19:00,5,30,true,false,2010-07-06 16:29:00
25,"Doric Way , Somers Town",51.5288338,-0.132250369,2020-10-05 13:19:00,34,13,true,false,2010-07-06 17:20:00
26,"Ampton Street , Clerkenwell",51.52728093,-0.11829517,2020-10-05 13:19:00,6,14,true,false,2010-07-06 17:36:00
27,"Bouverie Street, Temple",51.51382102,-0.107927706,2020-10-05 13:19:00,17,16,true,false,2010-07-07 11:56:00
28,"Bolsover Street, Fitzrovia",51.52351808,-0.143613641,2020-10-05 13:19:00,7,11,true,false,2010-07-07 12:01:00
29,"Hereford Road, Bayswater",51.513735,-0.193487,2020-10-05 13:19:00,14,7,true,false,2010-07-07 12:13:00
30,"Windsor Terrace, Hoxton",51.52915444,-0.093421615,2020-10-05 13:19:00,17,5,true,false,2010-07-07 12:17:00
31,"Fanshaw Street, Hoxton",51.52953709,-0.083353323,2020-10-05 13:19:00,10,22,true,false,2010-07-07 12:20:00
32,"Leonard Circus , Shoreditch",51.52469624,-0.084439283,2020-10-05 13:19:00,14,26,true,false,2010-07-07 13:45:00
33,"Central House, Aldgate",51.5156,-0.070056,2020-10-05 13:19:00,3,14,true,false,2010-07-07 13:49:00
34,"Pancras Road, King's Cross",51.5341235,-0.129386874,2020-10-05 13:19:00,14,2,true,false,2010-07-07 13:51:00
36,"De Vere Gardens, Kensington",51.50173726,-0.184980612,2020-10-05 13:19:00,9,19,true,false,2010-07-07 17:25:00
37,"Penywern Road, Earl's Court",51.49159394,-0.192369256,2020-10-05 13:19:00,2,15,true,false,2010-07-07 17:27:00
38,"Abingdon Villas, Kensington",51.4973875,-0.197245586,2020-10-05 13:19:00,2,15,true,false,2010-07-08 11:28:00
39,"Shoreditch High Street, Shoreditch",51.5263778,-0.078130921,2020-10-05 13:19:00,18,22,true,false,2010-07-08 16:09:00
40,"Commercial Street, Shoreditch",51.52127071,-0.0755789,2020-10-05 13:19:00,9,5,true,false,2010-07-08 16:13:00
41,"Pindar Street, Liverpool Street",51.520955,-0.083493552,2020-10-05 13:19:00,3,20,true,false,2010-07-08 16:18:00
42,"Wenlock Road , Hoxton",51.53099181,-0.093903825,2020-10-05 13:19:00,16,12,true,false,2010-07-08 16:25:00
43,"Crawford Street, Marylebone",51.52026,-0.157183945,2020-10-05 13:19:00,15,2,true,false,2010-07-09 16:02:00
45,"Boston Place, Marylebone",51.522511,-0.162298,2020-10-05 13:19:00,1,25,true,false,2010-07-09 17:02:00
46,"Nesham Street, Wapping",51.507131,-0.06691,2020-10-05 13:19:00,3,6,true,false,2010-07-09 17:10:00
47,"Warwick Avenue Station, Maida Vale",51.52334476,-0.183846408,2020-10-05 13:19:00,5,12,true,false,2010-07-10 09:06:00
48,"Godliman Street, St. Paul's",51.51248445,-0.099141408,2020-10-05 13:19:00,9,15,true,false,2010-07-10 09:11:00
49,"Curzon Street, Mayfair",51.50706909,-0.145904427,2020-10-05 13:19:00,10,4,true,false,2010-07-10 09:19:00
50,"East Road, Hoxton",51.52867339,-0.087459376,2020-10-05 13:19:00,8,19,true,false,2010-07-10 09:24:00
51,"Finsbury Library , Finsbury",51.52671796,-0.104298194,2020-10-05 13:19:00,20,9,true,false,2010-07-10 09:29:00
52,"Roscoe Street, St. Luke's",51.52295439,-0.094934859,2020-10-05 13:19:00,6,9,true,false,2010-07-10 09:34:00
53,"Grafton Street, Mayfair",51.5099923,-0.143495266,2020-10-05 13:19:00,4,14,true,false,2010-07-10 10:03:00
54,"Golden Lane, Barbican",51.52174785,-0.094475072,2020-10-05 13:19:00,4,23,true,false,2010-07-10 13:59:00
55,"Finsbury Circus, Liverpool Street",51.51707521,-0.086685542,2020-10-05 13:19:00,20,12,true,false,2010-07-10 14:03:00
56,"Paddington Street, Marylebone",51.52058381,-0.154701411,2020-10-05 13:19:00,2,11,true,false,2010-07-10 14:07:00
57,"Guilford Street , Bloomsbury",51.52334672,-0.120202614,2020-10-05 13:19:00,11,17,true,false,2010-07-10 14:11:00
58,"New Inn Yard, Shoreditch",51.52452699,-0.079248081,2020-10-05 13:19:00,17,3,true,false,2010-07-10 14:15:00
60,"Lisson Grove, St. John's Wood",51.52644828,-0.172190727,2020-10-05 13:19:00,11,5,true,false,2010-07-10 14:39:00
61,"Great Dover Street, The Borough",51.49738251,-0.089446947,2020-10-05 13:19:00,13,20,true,false,2010-07-10 15:57:00
62,"Cotton Garden Estate, Kennington",51.4907579,-0.106323685,2020-10-05 13:19:00,13,10,true,false,2010-07-10 15:59:00
63,"Murray Grove , Hoxton",51.53089041,-0.089782579,2020-10-05 13:19:00,11,13,true,false,2010-07-10 16:02:00
64,"William IV Street, Strand",51.50946212,-0.124749274,2020-10-05 13:19:00,14,12,true,false,2010-07-10 16:05:00
66,"Holborn Circus, Holborn",51.51795029,-0.108657431,2020-10-05 13:19:00,8,30,true,false,2010-07-11 11:48:00
67,"Hatton Garden, Holborn",51.51882555,-0.108028472,2020-10-05 13:19:00,9,19,true,false,2010-07-11 12:24:00
68,"Theobald's Road , Holborn",51.52059681,-0.116688468,2020-10-05 13:19:00,7,19,true,false,2010-07-11 15:04:00
69,"Euston Road, Euston",51.5262363,-0.134407652,2020-10-05 13:19:00,10,13,true,false,2010-07-11 16:19:00
70,"Calshot Street , King's Cross",51.53136059,-0.117069978,2020-10-05 13:19:00,16,6,true,false,2010-07-11 16:49:00
71,"Newgate Street , St. Paul's",51.5154186,-0.098850915,2020-10-05 13:19:00,14,17,true,false,2010-07-12 09:55:00
72,"Farringdon Lane, Clerkenwell",51.52352001,-0.108340165,2020-10-05 13:19:00,11,3,true,false,2010-06-19 13:01:00
73,"Old Street Station, St. Luke's",51.52572618,-0.088486188,2020-10-05 13:19:00,12,24,true,false,2010-07-12 14:24:00
74,"Vauxhall Cross, Vauxhall",51.48591714,-0.124469948,2020-10-05 13:19:00,15,1,true,false,2010-07-12 14:26:00
75,"Torrens Street, Angel",51.53219984,-0.105480698,2020-10-05 13:19:00,9,9,true,false,2010-07-12 15:33:00
76,"Longford Street, The Regent's Park",51.52559505,-0.144083893,2020-10-05 13:19:00,9,11,true,false,2010-07-12 15:56:00
77,"Russell Square Station, Bloomsbury",51.52341837,-0.124121774,2020-10-05 13:19:00,10,13,true,false,2010-07-12 16:01:00
78,"Sadlers Sports Centre, Finsbury",51.52486887,-0.099489485,2020-10-05 13:19:00,5,12,true,false,2010-07-12 16:28:00
79,"Arundel Street, Temple",51.511726,-0.11385596,2020-10-05 13:19:00,13,5,true,false,2017-10-26 12:46:00
80,"Webber Street , Southwark",51.50069361,-0.102091246,2020-10-05 13:19:00,29,16,true,false,2010-07-12 17:34:00
81,"Great Titchfield Street, Fitzrovia",51.52025302,-0.141327271,2020-10-05 13:19:00,5,14,true,false,2010-07-13 10:23:00
82,"Chancery Lane, Holborn",51.514274,-0.111257,2020-10-05 13:19:00,14,1,true,false,2010-07-13 11:08:00
83,"Panton Street, West End",51.50963938,-0.131510949,2020-10-05 13:19:00,20,1,true,false,2010-07-13 11:10:00
84,"Breams Buildings, Holborn",51.51593725,-0.111778348,2020-10-05 13:19:00,17,8,true,false,2010-07-13 12:24:00
85,"Tanner Street, Bermondsey",51.50064702,-0.078600401,2020-10-05 13:19:00,22,18,true,false,2010-07-13 14:01:00
86,"Sancroft Street, Vauxhall",51.48947903,-0.115156562,2020-10-05 13:19:00,7,17,true,false,2010-07-13 14:19:00
87,"Devonshire Square, Liverpool Street",51.51646835,-0.079684557,2020-10-05 13:19:00,2,13,true,false,2010-07-13 14:28:00
88,"Bayley Street , Bloomsbury",51.51858757,-0.132053392,2020-10-05 13:19:00,11,14,true,false,2010-07-13 14:38:00
89,"Tavistock Place, Bloomsbury",51.5262503,-0.123509611,2020-10-05 13:19:00,11,7,true,false,2010-07-13 14:56:00
90,"Harrington Square 1, Camden Town",51.53301907,-0.139174593,2020-10-05 13:19:00,23,3,true,false,2010-07-13 15:07:00
91,"Walnut Tree Walk, Vauxhall",51.49368637,-0.111014912,2020-10-05 13:19:00,12,7,true,false,2010-07-13 16:59:00
92,"Borough Road, Elephant & Castle",51.49889832,-0.100440521,2020-10-05 13:19:00,22,19,true,false,2010-07-13 17:04:00
93,"Cloudesley Road, Angel",51.53440868,-0.109025404,2020-10-05 13:19:00,15,21,true,false,2010-07-13 17:16:00
94,"Bricklayers Arms, Borough",51.49506109,-0.085814489,2020-10-05 13:19:00,21,7,true,false,2010-07-13 17:27:00
95,"Aldersgate Street, Barbican",51.5208417,-0.097340162,2020-10-05 13:19:00,6,9,true,false,2010-07-14 09:36:00
96,"Falkirk Street, Hoxton",51.53095071,-0.078505384,2020-10-05 13:19:00,6,19,true,false,2010-07-14 09:43:00
97,"Gloucester Road (North), Kensington",51.49792478,-0.183834706,2020-10-05 13:19:00,7,11,true,false,2010-07-14 09:53:00
98,"Hampstead Road, Euston",51.52554222,-0.138231303,2020-10-05 13:19:00,22,32,true,false,2010-07-14 10:18:00
99,"Old Quebec Street, Marylebone",51.51457763,-0.158264483,2020-10-05 13:19:00,8,7,true,false,2010-07-14 10:28:00
100,"Albert Embankment, Vauxhall",51.49043573,-0.122806861,2020-10-05 13:19:00,8,16,true,false,2010-07-14 10:31:00
101,"Queen Street 1, Bank",51.51155322,-0.0929401,2020-10-05 13:19:00,16,4,true,false,2010-07-14 11:18:00
102,"Jewry Street, Aldgate",51.51340693,-0.076793375,2020-10-05 13:19:00,16,1,true,false,2010-07-14 11:21:00
103,"Vicarage Gate, Kensington",51.50472376,-0.192538767,2020-10-05 13:19:00,2,16,true,false,2010-07-14 11:32:00
104,"Crosswall, Tower",51.51159481,-0.077121322,2020-10-05 13:19:00,15,18,true,false,2010-07-14 11:36:00
105,"Westbourne Grove, Bayswater",51.51552971,-0.190240716,2020-10-05 13:19:00,2,22,true,false,2010-07-14 12:02:00
106,"Woodstock Street, Mayfair",51.51410514,-0.147301667,2020-10-05 13:19:00,18,3,true,false,2010-07-14 12:28:00
107,"Finsbury Leisure Centre, St. Luke's",51.52600832,-0.096317627,2020-10-05 13:19:00,10,9,true,false,2010-07-14 12:38:00
108,"Abbey Orchard Street, Westminster",51.49812559,-0.132102166,2020-10-05 13:19:00,12,15,true,false,2010-07-14 12:42:00
109,"Soho Square , Soho",51.51563144,-0.132328837,2020-10-05 13:19:00,18,39,true,false,2010-07-14 12:52:00
110,"Wellington Road, St. John's Wood",51.53304322,-0.172528678,2020-10-05 13:19:00,0,16,true,false,2010-07-14 13:02:00
111,"Park Lane , Hyde Park",51.5100172,-0.157275636,2020-10-05 13:19:00,11,16,true,false,2010-07-14 13:06:00
112,"Stonecutter Street, Holborn",51.51580998,-0.105270275,2020-10-05 13:19:00,12,8,true,false,2010-07-14 14:51:00
113,"Gloucester Road (Central), South Kensington",51.49646288,-0.183289032,2020-10-05 13:19:00,3,16,true,false,2010-07-14 15:10:00
114,"Park Road (Baker Street), The Regent's Park",51.52451738,-0.158963647,2020-10-05 13:19:00,13,9,true,false,2010-07-14 16:05:00
115,"Braham Street, Aldgate",51.51423368,-0.073537654,2020-10-05 13:19:00,15,19,true,false,2010-07-14 16:18:00
116,"Little Argyll Street, West End",51.51449962,-0.141423695,2020-10-05 13:19:00,17,3,true,false,2010-07-14 16:46:00
117,"Lollard Street, Vauxhall",51.49288067,-0.114934001,2020-10-05 13:19:00,11,14,true,false,2010-07-14 17:17:00
118,"Rochester Row, Westminster",51.49582705,-0.13547809,2020-10-05 13:19:00,1,12,true,false,2010-07-14 17:22:00
119,"Bath Street, St. Luke's",51.52589324,-0.090847761,2020-10-05 13:19:00,10,7,true,false,2010-07-14 17:26:00
120,"The Guildhall, Guildhall",51.51573534,-0.093080779,2020-10-05 13:19:00,8,8,true,false,2010-07-15 10:44:00
121,"Baker Street, Marylebone",51.51891348,-0.156166631,2020-10-05 13:19:00,17,4,true,false,2010-07-15 11:20:00
122,"Norton Folgate, Liverpool Street",51.52111369,-0.078869751,2020-10-05 13:19:00,13,10,true,false,2010-07-15 11:34:00
123,"St. John Street, Finsbury",51.52836014,-0.104724625,2020-10-05 13:19:00,6,12,true,false,2010-07-15 11:55:00
124,"Eaton Square, Belgravia",51.49654462,-0.150905245,2020-10-05 13:19:00,10,9,true,false,2010-07-15 11:59:00
125,"Borough High Street, The Borough",51.50069491,-0.094524319,2020-10-05 13:19:00,3,17,true,false,2010-07-15 12:10:00
126,"Museum of London, Barbican",51.51782144,-0.096496865,2020-10-05 13:19:00,13,39,true,false,2010-07-15 12:29:00
127,"Wood Street, Guildhall",51.51700801,-0.09388536,2020-10-05 13:19:00,11,6,true,false,2010-07-15 12:32:00
128,"Emperor's Gate, South Kensington",51.49536226,-0.185296516,2020-10-05 13:19:00,16,6,true,false,2010-07-15 12:41:00
129,"Golden Square, Soho",51.5118973,-0.137043852,2020-10-05 13:19:00,17,0,true,false,2010-07-15 13:55:00
130,"Tower Gardens , Tower",51.50950627,-0.075459482,2020-10-05 13:19:00,13,11,true,false,2010-07-15 14:00:00
131,"Eversholt Street , Camden Town",51.53300545,-0.136792671,2020-10-05 13:19:00,8,8,true,false,2010-07-15 14:08:00
132,"Bethnal Green Road, Shoreditch",51.52364804,-0.074754872,2020-10-05 13:19:00,25,13,true,false,2010-07-15 14:12:00
133,"Derry Street, Kensington",51.50136494,-0.191462381,2020-10-05 13:19:00,15,3,true,false,2010-07-15 14:24:00
134,"Wapping High Street, Wapping",51.504904,-0.06797,2020-10-05 13:19:00,9,9,true,false,2010-07-15 14:35:00
135,"Clerkenwell Green, Clerkenwell",51.52326004,-0.104708922,2020-10-05 13:19:00,15,5,true,false,2010-07-15 14:38:00
136,"Queen Victoria Street, St. Paul's",51.51196176,-0.097441687,2020-10-05 13:19:00,17,12,true,false,2010-07-15 14:40:00
138,"Green Street, Mayfair",51.51227622,-0.157436972,2020-10-05 13:19:00,10,7,true,false,2010-07-15 15:47:00
139,"Lambeth Road, Vauxhall",51.49488108,-0.117974901,2020-10-05 13:19:00,16,2,true,false,2010-07-15 15:51:00
140,"Finsbury Square , Moorgate",51.52096262,-0.085634242,2020-10-05 13:19:00,5,27,true,false,2010-07-15 15:53:00
141,"Chapel Place, Marylebone",51.51530805,-0.147203711,2020-10-05 13:19:00,20,9,true,false,2010-07-15 17:23:00
142,"West Cromwell Road, Earl's Court",51.49372451,-0.198286569,2020-10-05 13:19:00,11,13,true,false,2010-07-15 17:27:00
143,"Pont Street, Knightsbridge",51.4968865,-0.161203828,2020-10-05 13:19:00,22,2,true,false,2010-07-15 17:30:00
144,"Kennington Cross, Kennington",51.48894022,-0.111435796,2020-10-05 13:19:00,10,37,true,false,2010-07-15 17:33:00
145,"Ilchester Place, Kensington",51.50074359,-0.202759212,2020-10-05 13:19:00,13,10,true,false,2010-07-15 17:43:00
146,"Vauxhall Bridge , Pimlico",51.48836528,-0.129361842,2020-10-05 13:19:00,2,32,true,false,2010-07-15 17:46:00
148,"Tachbrook Street, Victoria",51.49211134,-0.138364847,2020-10-05 13:19:00,4,11,true,false,1970-01-01 01:00:00
149,"Kennington Road Post Office, Oval",51.48478899,-0.110683213,2020-10-05 13:19:00,4,12,true,false,2010-07-15 18:36:00
150,"Holy Trinity Brompton, Knightsbridge",51.49705603,-0.168917077,2020-10-05 13:19:00,13,15,true,false,2010-07-15 18:39:00
151,"Chepstow Villas, Notting Hill",51.51213691,-0.201554966,2020-10-05 13:19:00,4,22,true,false,2010-07-15 18:42:00
152,"Hampton Street, Walworth",51.49217002,-0.101536865,2020-10-05 13:19:00,9,11,true,false,2010-07-15 18:45:00
153,"Bayswater Road, Hyde Park",51.511933,-0.174411,2020-10-05 13:19:00,2,25,true,false,2010-07-15 18:48:00
154,"Waterloo Station 3, Waterloo",51.50379168,-0.11282408,2020-10-05 13:19:00,1,31,true,false,1970-01-01 01:00:00
155,"Lexham Gardens, Kensington",51.49586666,-0.191933711,2020-10-05 13:19:00,3,15,true,false,2010-07-16 10:31:00
156,"New Kent Road, The Borough",51.49443626,-0.092921165,2020-10-05 13:19:00,20,13,true,false,2010-07-16 10:38:00
157,"Wright's Lane, Kensington",51.50039792,-0.193068385,2020-10-05 13:19:00,30,5,true,false,2010-07-16 10:40:00
158,"Trebovir Road, Earl's Court",51.49085368,-0.196170309,2020-10-05 13:19:00,3,15,true,false,2010-07-16 10:42:00
159,"Great Marlborough Street, Soho",51.51461995,-0.137841333,2020-10-05 13:19:00,14,24,true,false,2010-07-16 10:46:00
160,"Waterloo Place, St. James's",51.50663341,-0.131773845,2020-10-05 13:19:00,10,10,true,false,2010-07-16 10:58:00
161,"Guildhouse Street, Victoria",51.49234577,-0.141334487,2020-10-05 13:19:00,2,14,true,false,2010-07-16 14:29:00
162,"Southampton Place, Holborn",51.51760685,-0.121328408,2020-10-05 13:19:00,10,10,true,false,2010-07-16 14:32:00
163,"Sloane Avenue, Knightsbridge",51.4931848,-0.167894973,2020-10-05 13:19:00,21,6,true,false,2010-07-16 14:35:00
164,"Cleveland Gardens, Bayswater",51.515607,-0.183118788,2020-10-05 13:19:00,8,6,true,false,2010-07-16 14:40:00
165,"Orsett Terrace, Bayswater",51.517932,-0.183716959,2020-10-05 13:19:00,6,9,true,false,2010-07-16 14:46:00
166,"Seville Street, Knightsbridge",51.50185512,-0.159237081,2020-10-05 13:19:00,4,23,true,false,2010-07-16 14:49:00
167,"Eccleston Place, Victoria",51.49395092,-0.147624377,2020-10-05 13:19:00,4,14,true,false,1970-01-01 01:00:00
168,"Argyll Road, Kensington",51.50040123,-0.195455928,2020-10-05 13:19:00,3,15,true,false,2010-07-16 15:10:00
169,"Porchester Place, Paddington",51.51474612,-0.165164288,2020-10-05 13:19:00,4,8,true,false,2010-07-16 15:16:00
170,"Hardwick Street, Clerkenwell",51.52784273,-0.108068155,2020-10-05 13:19:00,10,20,true,false,2010-07-16 15:23:00
171,"Collingham Gardens, Earl's Court",51.4916156,-0.186753859,2020-10-05 13:19:00,11,3,true,false,2010-07-16 15:40:00
172,"Sumner Place, South Kensington",51.49121192,-0.173715911,2020-10-05 13:19:00,10,8,true,false,2010-07-16 15:45:00
173,"Waterloo Road, South Bank",51.50486,-0.113001,2020-10-05 13:19:00,2,13,true,false,2010-07-16 16:05:00
174,"Strand, Strand",51.512529,-0.115163,2020-10-05 13:19:00,16,19,true,false,2010-07-16 16:59:00
175,"Worship Street, Shoreditch",51.521668,-0.079608554,2020-10-05 13:19:00,12,39,true,false,2018-06-22 14:43:00
176,"Gloucester Terrace, Bayswater",51.51791921,-0.188098863,2020-10-05 13:19:00,4,16,true,false,2010-07-16 17:26:00
177,"Ashley Place, Victoria",51.49616092,-0.140947636,2020-10-05 13:19:00,1,23,true,false,2010-07-16 17:29:00
178,"Warwick Square, Pimlico",51.48985626,-0.141923621,2020-10-05 13:19:00,8,11,true,false,2010-07-16 17:32:00
180,"North Audley Street, Mayfair",51.5129118,-0.153645496,2020-10-05 13:19:00,14,3,true,false,2010-07-16 17:37:00
181,"Belgrave Square, Belgravia",51.49941247,-0.152317537,2020-10-05 13:19:00,4,17,true,false,2010-07-16 17:41:00
182,"Bell Street , Marylebone",51.52202903,-0.165842551,2020-10-05 13:19:00,2,16,true,false,2010-07-17 11:39:00
183,"Riverlight North, Nine Elms",51.482362,-0.13612398,2020-10-05 13:19:00,13,10,true,false,2010-07-17 11:56:00
184,"Portland Place, Marylebone",51.52071513,-0.14521173,2020-10-05 13:19:00,4,30,true,false,2010-07-17 11:58:00
185,"Alderney Street, Pimlico",51.48805753,-0.140741432,2020-10-05 13:19:00,9,5,true,false,2010-07-17 12:16:00
186,"South Wharf Road, Paddington",51.51733558,-0.175810943,2020-10-05 13:19:00,2,13,true,false,2010-07-17 12:18:00
187,"Queen's Gate (South), South Kensington",51.49247977,-0.178433004,2020-10-05 13:19:00,7,18,true,false,2010-07-17 12:22:00
188,"Nutford Place, Marylebone",51.5165179,-0.164393768,2020-10-05 13:19:00,1,17,true,false,2010-07-17 15:26:00
189,"Claremont Square, Angel",51.53166681,-0.109914711,2020-10-05 13:19:00,2,15,true,false,2010-07-17 15:33:00
190,"Rampayne Street, Pimlico",51.48997562,-0.132845681,2020-10-05 13:19:00,1,19,true,false,2010-07-17 16:38:00
191,"Hyde Park Corner, Hyde Park",51.50311799,-0.153520935,2020-10-05 13:19:00,8,25,true,false,2010-07-17 17:12:00
192,"Wardour Street, Soho",51.51251523,-0.133201961,2020-10-05 13:19:00,16,0,true,false,2010-07-17 17:15:00
193,"Bankside Mix, Bankside",51.50581776,-0.100186337,2020-10-05 13:19:00,25,35,true,false,2010-07-17 19:47:59
194,"Hop Exchange, The Borough",51.50462759,-0.091773776,2020-10-05 13:19:00,39,16,true,false,2010-07-17 19:47:59
195,"Milroy Walk, South Bank",51.50724437,-0.106237501,2020-10-05 13:19:00,13,17,true,false,2010-07-17 19:47:59
196,"Union Street, The Borough",51.50368837,-0.098497684,2020-10-05 13:19:00,15,1,true,false,2010-07-17 19:47:59
197,"Stamford Street, South Bank",51.50556905,-0.111606696,2020-10-05 13:19:00,24,1,true,false,2010-07-17 19:47:59
199,"Great Tower Street, Monument",51.51048489,-0.082989638,2020-10-05 13:19:00,15,9,true,false,2010-07-18 09:30:00
200,"LMU Commercial Road, Whitechapel",51.51492456,-0.066078037,2020-10-05 13:19:00,7,7,true,false,2010-07-18 09:32:00
201,"Dorset Square, Marylebone",51.5225965,-0.161113413,2020-10-05 13:19:00,8,6,true,false,2010-07-18 10:08:00
202,"Leman Street, Aldgate",51.51236389,-0.06954201,2020-10-05 13:19:00,4,32,true,false,2010-07-18 10:12:00
203,"West Smithfield Rotunda, Farringdon",51.51821864,-0.100791005,2020-10-05 13:19:00,6,6,true,false,2010-07-18 10:33:00
204,"Margery Street, Clerkenwell",51.52659961,-0.112432615,2020-10-05 13:19:00,6,12,true,false,2010-07-18 16:24:00
206,"New Road 1 , Whitechapel",51.518154,-0.062697,2020-10-05 13:19:00,15,20,true,false,2010-07-18 17:43:00
207,"Grosvenor Crescent, Belgravia",51.50135267,-0.153194766,2020-10-05 13:19:00,6,12,true,false,2010-07-19 17:49:00
208,"Mallory Street, Marylebone",51.52505151,-0.166304359,2020-10-05 13:19:00,7,12,true,false,2010-07-18 18:03:00
209,"Denyer Street, Knightsbridge",51.49358391,-0.165101392,2020-10-05 13:19:00,1,29,true,false,2010-07-19 09:46:00
210,"Hinde Street, Marylebone",51.51681444,-0.151926305,2020-10-05 13:19:00,9,8,true,false,2010-07-19 11:26:00
211,"Cadogan Place, Knightsbridge",51.49464523,-0.158105512,2020-10-05 13:19:00,18,16,true,false,2010-07-19 11:37:00
213,"Wellington Arch, Hyde Park",51.50274025,-0.149569201,2020-10-05 13:19:00,12,20,true,false,2010-07-19 11:57:00
214,"Endsleigh Gardens, Euston",51.52683806,-0.130504336,2020-10-05 13:19:00,14,18,true,false,2010-07-19 12:00:00
215,"Moorfields, Moorgate",51.51906932,-0.088285377,2020-10-05 13:19:00,17,36,true,false,2010-07-19 12:03:00
216,"Old Brompton Road, South Kensington",51.49094565,-0.181190899,2020-10-05 13:19:00,3,27,true,false,2010-07-19 12:12:00
217,"Wormwood Street, Liverpool Street",51.51615461,-0.082422399,2020-10-05 13:19:00,7,8,true,false,2010-07-19 12:14:00
218,"St. Luke's Church, Chelsea",51.48971651,-0.170194408,2020-10-05 13:19:00,15,5,true,false,2010-07-19 13:49:00
219,"Bramham Gardens, Earl's Court",51.49016361,-0.19039362,2020-10-05 13:19:00,2,27,true,false,2010-07-19 14:25:00
220,"Chelsea Green, Chelsea",51.49066456,-0.166485083,2020-10-05 13:19:00,17,10,true,false,2010-07-19 14:32:00
221,"Horseferry Road, Westminster",51.49481649,-0.13045856,2020-10-05 13:19:00,11,5,true,false,2010-07-19 16:10:00
222,"Knightsbridge, Hyde Park",51.50275704,-0.155349725,2020-10-05 13:19:00,18,24,true,false,2010-07-20 09:22:00
223,"Rodney Road , Walworth",51.49148474,-0.090220911,2020-10-05 13:19:00,7,17,true,false,2010-07-20 09:27:00
224,"Queensway, Kensington Gardens",51.51031,-0.18740235,2020-10-05 13:19:00,0,13,true,false,2010-07-20 09:37:00
225,"Notting Hill Gate Station, Notting Hill",51.50935342,-0.196422,2020-10-05 13:19:00,9,18,true,false,2010-07-20 09:58:00
226,"Charles II Street, West End",51.50844614,-0.131961389,2020-10-05 13:19:00,13,11,true,false,2010-07-20 10:02:00
227,"Great Percy Street, Clerkenwell",51.52891573,-0.115480888,2020-10-05 13:19:00,6,15,true,false,2010-07-20 10:05:00
228,"St. James's Square, St. James's",51.50742485,-0.134621209,2020-10-05 13:19:00,39,0,true,false,2010-07-20 10:08:00
229,"Whitehall Place, Strand",51.50654321,-0.123179697,2020-10-05 13:19:00,21,3,true,false,2010-07-20 10:23:00
230,"Poured Lines, Bankside",51.50669284,-0.103137426,2020-10-05 13:19:00,12,19,true,false,2010-07-20 10:27:00
231,"Queen's Gate (Central), South Kensington",51.49396755,-0.17873226,2020-10-05 13:19:00,11,20,true,false,2010-07-20 11:47:00
232,"Carey Street, Holborn",51.51501025,-0.112753217,2020-10-05 13:19:00,7,9,true,false,2010-07-20 11:54:00
233,"Pall Mall East, West End",51.50777049,-0.130699733,2020-10-05 13:19:00,16,5,true,false,2010-07-20 12:11:00
234,"Liverpool Road (N1 Centre), Angel",51.53450449,-0.106992706,2020-10-05 13:19:00,8,16,true,false,2010-07-20 12:18:00
235,"Kennington Road  , Vauxhall",51.49571828,-0.110889274,2020-10-05 13:19:00,21,15,true,false,2010-07-20 12:34:00
236,"Fashion Street, Whitechapel",51.51838043,-0.073438925,2020-10-05 13:19:00,6,23,true,false,2010-07-20 12:39:00
237,"Dock Street, Wapping",51.5097860151,-0.0681619805156,2020-10-05 13:19:00,3,27,true,false,2010-07-22 12:44:00
238,"Frampton Street, Paddington",51.5233534,-0.175116099,2020-10-05 13:19:00,6,26,true,false,2010-07-20 13:12:00
239,"Warren Street Station, Euston",51.52443845,-0.138019439,2020-10-05 13:19:00,22,4,true,false,2010-07-20 13:16:00
240,"Colombo Street, Southwark",51.50545935,-0.10569204,2020-10-05 13:19:00,11,3,true,false,2010-07-20 13:18:00
242,"Beaumont Street, Marylebone",51.52200801,-0.151359288,2020-10-05 13:19:00,8,13,true,false,2010-07-20 13:24:00
243,"Gloucester Street, Pimlico",51.49096258,-0.139625122,2020-10-05 13:19:00,3,21,true,false,2010-07-20 13:29:00
244,"Earnshaw Street , Covent Garden",51.51611887,-0.128585022,2020-10-05 13:19:00,10,7,true,false,2010-07-20 13:34:00
245,"Grosvenor Road, Pimlico",51.4853572,-0.142207481,2020-10-05 13:19:00,4,24,true,false,2010-07-20 13:41:00
246,"Berry Street, Clerkenwell",51.52285301,-0.099994052,2020-10-05 13:19:00,15,25,true,false,2010-07-20 16:29:00
247,"St. John's Wood Church, The Regent's Park",51.530529,-0.167515,2020-10-05 13:19:00,25,24,true,false,2010-07-20 16:32:00
248,"Triangle Car Park, Hyde Park",51.50645179,-0.170279555,2020-10-05 13:19:00,2,25,true,false,2010-07-20 16:36:00
249,"Harper Road, The Borough",51.49859784,-0.096191134,2020-10-05 13:19:00,26,16,true,false,2010-07-20 16:40:00
250,"Royal Avenue 1, Chelsea",51.489932,-0.162727,2020-10-05 13:19:00,5,5,true,false,2010-07-20 16:50:00
251,"Brushfield Street, Liverpool Street",51.518908,-0.079249,2020-10-05 13:19:00,28,4,true,false,2010-07-21 09:16:00
252,"Jubilee Gardens, South Bank",51.5046364,-0.116542278,2020-10-05 13:19:00,8,21,true,false,2010-07-21 09:24:00
253,"Shoreditch Park, Hoxton",51.53404294,-0.086379717,2020-10-05 13:19:00,17,12,true,false,2010-07-21 09:27:00
254,"Chadwell Street, Angel",51.53051587,-0.106408455,2020-10-05 13:19:00,6,8,true,false,2010-07-21 09:29:00
255,"Clifton Road, Maida Vale",51.52557531,-0.179592915,2020-10-05 13:19:00,10,7,true,false,2010-07-21 09:56:00
256,"Houghton Street, Strand",51.51362054,-0.116764211,2020-10-05 13:19:00,10,5,true,false,2010-07-21 11:27:00
257,"Westminster University, Marylebone",51.52248185,-0.154907218,2020-10-05 13:19:00,8,7,true,false,2010-07-21 11:29:00
258,"Kensington Gore, Knightsbridge",51.50143293,-0.178656971,2020-10-05 13:19:00,4,17,true,false,2010-07-21 11:33:00
259,"Bourne Street, Belgravia",51.490959,-0.1532331,2020-10-05 13:19:00,6,10,true,false,2010-07-21 11:45:00
260,"Broadwick Street, Soho",51.5136846,-0.135580879,2020-10-05 13:19:00,17,1,true,false,2010-07-21 12:17:00
261,"Princes Square, Bayswater",51.5134891,-0.191351186,2020-10-05 13:19:00,9,5,true,false,2010-07-21 12:20:00
262,"LSBU (Borough Road), Elephant & Castle",51.49874469,-0.103132904,2020-10-05 13:19:00,11,24,true,false,2010-07-21 12:27:00
263,"St. Mary Axe, Aldgate",51.51422502,-0.080660083,2020-10-05 13:19:00,15,3,true,false,2010-07-21 12:36:00
264,"Tysoe Street, Clerkenwell",51.52644342,-0.109256828,2020-10-05 13:19:00,10,7,true,false,2010-07-21 12:42:00
265,"Southwick Street, Paddington",51.51595344,-0.169249375,2020-10-05 13:19:00,1,13,true,false,2010-07-21 13:12:00
266,"Queen's Gate (North), Kensington",51.50102668,-0.180246101,2020-10-05 13:19:00,5,36,true,false,2010-07-21 13:16:00
267,"Regency Street, Westminster",51.49206037,-0.132224622,2020-10-05 13:19:00,0,21,true,false,2010-07-21 13:19:00
268,"Belgrave Road, Victoria",51.49320445,-0.144132875,2020-10-05 13:19:00,0,29,true,false,2010-07-21 13:22:00
269,"Empire Square, The Borough",51.50082346,-0.089740764,2020-10-05 13:19:00,31,15,true,false,2010-07-21 13:25:00
270,"Kennington Lane Rail Bridge, Vauxhall",51.4863434,-0.122492418,2020-10-05 13:19:00,22,9,true,false,2010-07-21 14:53:00
271,"London Zoo,  The Regent's Park",51.53583617,-0.156285395,2020-10-05 13:19:00,20,9,true,false,2010-07-21 15:02:00
272,"Baylis Road, Waterloo",51.50144456,-0.110699309,2020-10-05 13:19:00,5,16,true,false,2010-07-21 15:07:00
273,"Belvedere Road 1, South Bank",51.50613324,-0.114686385,2020-10-05 13:19:00,16,22,true,false,2010-07-21 15:10:00
274,"Warwick Road, Olympia",51.49671237,-0.20528437,2020-10-05 13:19:00,2,33,true,false,2010-07-21 15:13:00
275,"Barbican Centre, Barbican",51.52004497,-0.092176447,2020-10-05 13:19:00,11,8,true,false,2010-07-21 15:18:00
276,"Lower Thames Street, Monument",51.50930161,-0.084985356,2020-10-05 13:19:00,9,13,true,false,2010-07-21 15:40:00
277,"Kensington Church Street, Kensington",51.50315739,-0.191496313,2020-10-05 13:19:00,8,9,true,false,2010-07-21 15:42:00
278,"Tooley Street, Bermondsey",51.5034938,-0.07962099,2020-10-05 13:19:00,3,22,true,false,2010-07-21 15:45:00
279,"North Wharf Road, Paddington",51.51862243,-0.176645823,2020-10-05 13:19:00,7,16,true,false,2010-07-21 15:49:00
280,"Royal Avenue 2, Chelsea",51.490083,-0.162418,2020-10-05 13:19:00,6,4,true,false,2010-07-21 16:34:00
281,"Smith Square, Westminster",51.49580589,-0.127575233,2020-10-05 13:19:00,9,7,true,false,2010-07-21 16:37:00
282,"Royal London Hospital, Whitechapel",51.51906446,-0.059642081,2020-10-05 13:19:00,12,30,true,false,2010-07-21 16:43:00
283,"Kingsway, Covent Garden",51.51440928,-0.118478757,2020-10-05 13:19:00,14,2,true,false,2010-07-21 16:47:00
284,"Lambeth North Station, Waterloo",51.49914063,-0.112031483,2020-10-05 13:19:00,3,17,true,false,2010-07-21 16:53:00
286,"St. John's Wood Road, St. John's Wood",51.5272947,-0.174653609,2020-10-05 13:19:00,13,21,true,false,2010-07-21 16:58:00
287,"Bedford Way, Bloomsbury",51.52367314,-0.128377673,2020-10-05 13:19:00,7,15,true,false,2010-07-21 17:01:00
288,"Elizabeth Bridge, Victoria",51.49236962,-0.147478734,2020-10-05 13:19:00,11,22,true,false,2010-07-22 11:17:00
289,"South Audley Street, Mayfair",51.50923022,-0.151296092,2020-10-05 13:19:00,9,6,true,false,2010-07-22 11:21:00
290,"St Mary's Hospital, Paddington",51.518268,-0.17110323,2020-10-05 13:19:00,11,7,true,false,2010-07-22 11:39:00
291,"Claverton Street, Pimlico",51.48483991,-0.138089062,2020-10-05 13:19:00,0,31,true,false,2010-07-22 13:07:00
292,"Montpelier Street, Knightsbridge",51.49888404,-0.165471605,2020-10-05 13:19:00,14,2,true,false,2010-07-22 13:10:00
293,"Kensington Olympia Station, Olympia",51.49815779,-0.209494128,2020-10-05 13:19:00,5,20,true,false,2010-07-22 13:13:00
294,"St. George's Square, Pimlico",51.488226,-0.135635511,2020-10-05 13:19:00,5,11,true,false,2010-07-22 13:15:00
295,"Swan Street, The Borough",51.50029631,-0.092762704,2020-10-05 13:19:00,16,10,true,false,2010-07-22 13:18:00
296,"Knaresborough Place, Earl's Court",51.49363156,-0.190603326,2020-10-05 13:19:00,10,8,true,false,2013-08-23 12:56:00
297,"Geraldine Street, Elephant & Castle",51.49612799,-0.106000855,2020-10-05 13:19:00,6,11,true,false,2010-07-22 13:26:00
298,"Curlew Street, Shad Thames",51.50227992,-0.074189225,2020-10-05 13:19:00,18,3,true,false,2010-07-22 14:34:00
299,"Vincent Square, Westminster",51.49398524,-0.136928582,2020-10-05 13:19:00,4,14,true,false,2010-07-22 15:16:00
300,"Serpentine Car Park, Hyde Park",51.505014,-0.17306032,2020-10-05 13:19:00,8,8,true,false,2010-07-22 15:25:00
301,"Marylebone Lane, Marylebone",51.51475963,-0.148105415,2020-10-05 13:19:00,9,10,true,false,2010-07-22 15:30:00
302,"Putney Pier, Wandsworth",51.466907,-0.216573,2020-10-05 13:19:00,0,27,true,false,2010-07-22 16:26:00
303,"Albert Gate, Hyde Park",51.50295379,-0.158456089,2020-10-05 13:19:00,8,24,true,false,2010-07-22 16:32:00
306,"Rathbone Street, Fitzrovia",51.51816295,-0.135025698,2020-10-05 13:19:00,8,7,true,false,2010-07-22 17:31:00
307,"Black Lion Gate, Kensington Gardens",51.50990837,-0.187842717,2020-10-05 13:19:00,0,22,true,false,2010-07-22 17:35:00
308,"Long Lane , Bermondsey",51.49907558,-0.085666316,2020-10-05 13:19:00,2,18,true,false,2010-07-22 17:39:00
309,"Embankment (Savoy), Strand",51.50963123,-0.119047563,2020-10-05 13:19:00,24,17,true,false,2010-07-23 09:51:00
310,"Black Prince Road, Vauxhall",51.4908679,-0.116911864,2020-10-05 13:19:00,7,10,true,false,2010-07-23 11:06:00
311,"Foley Street, Fitzrovia",51.51918144,-0.140485596,2020-10-05 13:19:00,15,8,true,false,2010-07-23 11:15:00
312,"Grove End Road, St. John's Wood",51.53088935,-0.176770502,2020-10-05 13:19:00,4,15,true,false,2010-07-23 11:19:00
313,"Wells Street, Fitzrovia",51.51734403,-0.138072691,2020-10-05 13:19:00,9,29,true,false,2010-07-23 11:22:00
314,"Tyers Gate, Bermondsey",51.50088934,-0.083159352,2020-10-05 13:19:00,34,0,true,false,2010-07-23 12:28:00
315,"The Tennis Courts, The Regent's Park",51.52536703,-0.153463612,2020-10-05 13:19:00,9,7,true,false,2010-07-23 12:31:00
316,"Warwick Row, Westminster",51.497998,-0.14296064,2020-10-05 13:19:00,12,9,true,false,2010-07-23 12:34:00
317,"Dickens Square, Borough",51.49679128,-0.093913472,2020-10-05 13:19:00,15,17,true,false,2010-07-23 12:38:00
318,"Sackville Street, Mayfair",51.51004801,-0.138846453,2020-10-05 13:19:00,5,12,true,false,2010-07-23 12:42:00
319,"Baldwin Street, St. Luke's",51.52702563,-0.088542771,2020-10-05 13:19:00,10,9,true,false,2010-07-23 14:06:00
320,"Queen Mother Sports Centre, Victoria",51.49357351,-0.139956043,2020-10-05 13:19:00,13,13,true,false,2010-07-23 14:14:00
321,"Bermondsey Street, Bermondsey",51.49785559,-0.081608045,2020-10-05 13:19:00,11,13,true,false,2010-07-23 14:17:00
322,"Palissy Street, Shoreditch",51.526293,-0.073955,2020-10-05 13:19:00,18,7,true,false,2010-07-23 14:32:00
323,"Clifton Street, Shoreditch",51.523196,-0.083067,2020-10-05 13:19:00,9,15,true,false,2010-07-23 14:34:00
324,"Ontario Street, Elephant & Castle",51.49652013,-0.101384068,2020-10-05 13:19:00,6,9,true,false,2010-07-23 15:22:00
325,"St. Martin's Street, West End",51.50908747,-0.129697889,2020-10-05 13:19:00,1,17,true,false,2010-07-23 15:51:00
326,"Graham Street, Angel",51.53266186,-0.099981142,2020-10-05 13:19:00,14,11,true,false,2010-07-23 15:54:00
327,"New North Road 1, Hoxton",51.53095,-0.085603,2020-10-05 13:19:00,12,9,true,false,2010-07-26 09:37:00
328,"New North Road 2, Hoxton",51.53114,-0.086016,2020-10-05 13:19:00,12,9,true,false,2010-07-26 09:39:00
329,"Prince Albert Road, The Regent's Park",51.53589283,-0.160854428,2020-10-05 13:19:00,7,16,true,false,2010-07-26 09:42:00
330,"Eastbourne Mews, Paddington",51.51641749,-0.179135079,2020-10-05 13:19:00,5,27,true,false,2010-07-26 11:48:00
331,"Bunhill Row, Moorgate",51.52085887,-0.089887855,2020-10-05 13:19:00,18,9,true,false,2010-07-26 11:51:00
332,"Nevern Place, Earl's Court",51.49334336,-0.194757949,2020-10-05 13:19:00,4,16,true,false,2010-07-26 12:06:00
334,"Concert Hall Approach 1, South Bank",51.505044,-0.115851,2020-10-05 13:19:00,10,0,true,false,2010-07-26 13:33:00
335,"Tavistock Street, Covent Garden",51.51196803,-0.120718759,2020-10-05 13:19:00,5,28,true,false,2010-07-26 14:56:00
336,"Concert Hall Approach 2, South Bank",51.504942,-0.115533,2020-10-05 13:19:00,6,12,true,false,2010-07-26 15:00:00
337,"Pembridge Villas, Notting Hill",51.51108452,-0.197524944,2020-10-05 13:19:00,9,7,true,false,2010-07-26 15:05:00
338,"Wellington Street , Strand",51.51175646,-0.119643424,2020-10-05 13:19:00,23,1,true,false,2010-07-26 16:39:00
339,"Risinghill Street, Angel",51.5333196,-0.1117812,2020-10-05 13:19:00,12,10,true,false,2010-07-26 17:10:00
340,"Bank of England Museum, Bank",51.51444134,-0.087587447,2020-10-05 13:19:00,14,2,true,false,2010-07-27 17:37:00
341,"Craven Street, Strand",51.50810309,-0.12602103,2020-10-05 13:19:00,11,12,true,false,2010-07-27 10:16:00
343,"London Zoo Car Park, The Regent's Park",51.53692216,-0.150181444,2020-10-05 13:19:00,19,17,true,false,2010-07-27 10:51:00
344,"Goswell Road (City Uni), Finsbury",51.528246,-0.10102611,2020-10-05 13:19:00,11,5,true,false,2010-07-27 11:22:00
345,"Flood Street, Chelsea",51.48802358,-0.166878535,2020-10-05 13:19:00,4,29,true,false,2010-07-27 12:22:00
347,"Lower Marsh, Waterloo",51.50013942,-0.113936001,2020-10-05 13:19:00,5,12,true,false,2010-09-06 09:41:00
348,"Grosvenor Square, Mayfair",51.51217033,-0.150481272,2020-10-05 13:19:00,8,8,true,false,2010-09-15 09:49:00
349,"St. George Street, Mayfair",51.51196,-0.142783033,2020-10-05 13:19:00,12,6,true,false,2010-09-15 10:32:00
350,"Queen's Gate, Kensington Gardens",51.5017154373867,-0.1798541843891,2020-10-05 13:19:00,8,10,true,false,2010-09-29 11:31:00
351,"Macclesfield Rd, St Lukes",51.529423,-0.097122,2020-10-05 13:19:00,15,9,true,false,2010-10-11 10:48:00
352,"Vauxhall Street, Vauxhall",51.486965,-0.116625,2020-10-05 13:19:00,18,1,true,false,2010-10-11 12:26:00
353,"Greycoat Street , Westminster",51.49459148,-0.134234258,2020-10-05 13:19:00,1,15,true,false,2010-10-21 10:08:00
354,"Northumberland Avenue, Strand",51.506767,-0.123702,2020-10-05 13:19:00,10,27,true,false,1970-01-01 01:00:00
356,"South Kensington Station, South Kensington",51.494412,-0.173881,2020-10-05 13:19:00,11,4,true,false,2010-10-25 13:18:00
357,"Howland Street, Fitzrovia",51.520994,-0.139016,2020-10-05 13:19:00,8,22,true,false,2010-10-26 12:27:00
358,"High Holborn , Covent Garden",51.516226,-0.124826,2020-10-05 13:19:00,4,16,true,false,2010-11-18 11:31:00
359,"Butler Place, Westminster",51.49782999,-0.135440826,2020-10-05 13:19:00,10,8,true,false,2010-11-05 09:56:00
360,"Howick Place, Westminster",51.49675303,-0.138733562,2020-10-05 13:19:00,18,8,true,false,2010-11-05 11:56:00
361,"Waterloo Station 2, Waterloo",51.50391973,-0.11342629,2020-10-05 13:19:00,22,33,true,false,2010-12-09 13:50:00
362,"Royal College Street, Camden Town",51.536264,-0.133952,2020-10-05 13:19:00,21,35,true,false,2010-11-18 11:37:00
363,"Lord's, St. John's Wood",51.5291212008901,-0.171185284853,2020-10-05 13:19:00,11,13,true,false,2010-11-16 12:50:00
364,"Store Street, Bloomsbury",51.519572,-0.13214036,2020-10-05 13:19:00,5,27,true,false,2010-11-18 11:44:00
365,"City Road, Angel",51.530344,-0.100168,2020-10-05 13:19:00,17,28,true,false,2010-11-24 13:00:00
366,"Millennium Hotel, Mayfair",51.5109192966489,-0.1511263847351,2020-10-05 13:19:00,16,11,true,false,2010-11-25 12:08:00
368,"Harriet Street, Knightsbridge",51.50024195,-0.15934065,2020-10-05 13:19:00,7,18,true,false,2010-12-01 11:08:00
370,"Paddington Green, Paddington",51.520205,-0.174593,2020-10-05 13:19:00,6,14,true,false,2010-12-06 14:55:00
371,"King Edward Walk, Waterloo",51.49775,-0.10988,2020-10-05 13:19:00,18,4,true,false,2010-12-07 09:07:00
372,"Sardinia Street, Holborn",51.515208,-0.117863,2020-10-05 13:19:00,13,11,true,false,2010-12-07 09:10:00
373,"Prince Consort Road, Knightsbridge",51.49980661,-0.176415994,2020-10-05 13:19:00,11,7,true,false,2011-01-19 09:12:00
374,"Waterloo Station 1, Waterloo",51.50402794,-0.11386436,2020-10-05 13:19:00,34,0,true,false,2010-12-07 12:42:00
375,"Kensington Town Hall, Kensington",51.50194596,-0.194392952,2020-10-05 13:19:00,4,14,true,false,2010-12-08 10:57:00
376,"Millbank Tower, Pimlico",51.49188409,-0.125674815,2020-10-05 13:19:00,11,13,true,false,2011-01-10 12:03:00
377,"Waterloo Bridge, South Bank",51.50535447,-0.113656543,2020-10-05 13:19:00,3,12,true,false,2011-01-17 11:57:00
378,"Natural History Museum, South Kensington",51.49559291,-0.179077626,2020-10-05 13:19:00,18,24,true,false,2011-01-27 09:45:00
379,"Turquoise Island, Notting Hill",51.51431171,-0.200838199,2020-10-05 13:19:00,19,0,true,false,2011-01-27 09:48:00
380,"Stanhope Gate, Mayfair",51.50686435,-0.150666888,2020-10-05 13:19:00,13,7,true,false,2011-01-27 10:50:00
381,"Charlotte Street, Fitzrovia",51.51953043,-0.13577731,2020-10-05 13:19:00,7,7,true,false,2011-01-28 08:36:00
382,"Farm Street, Mayfair",51.50935171,-0.14744969,2020-10-05 13:19:00,10,5,true,false,2011-02-08 10:02:00
383,"Frith Street, Soho",51.51310333,-0.13121385,2020-10-05 13:19:00,12,5,true,false,2011-02-02 12:20:00
384,"Marloes Road, Kensington",51.496481,-0.192404,2020-10-05 13:19:00,5,10,true,false,2011-02-03 11:18:00
386,"Moor Street, Soho",51.51352755,-0.130110822,2020-10-05 13:19:00,16,0,true,false,2011-02-03 11:29:00
387,"Fire Brigade Pier, Vauxhall",51.49369988,-0.121394101,2020-10-05 13:19:00,6,24,true,false,2011-02-07 11:19:00
388,"Southampton Street, Strand",51.51070161,-0.121723604,2020-10-05 13:19:00,13,1,true,false,2011-02-08 16:23:00
389,"Upper Grosvenor Street, Mayfair",51.51013066,-0.155757901,2020-10-05 13:19:00,2,16,true,false,2011-02-10 14:26:00
390,"Buxton Street 1, Shoreditch",51.521776,-0.068856,2020-10-05 13:19:00,17,24,true,false,2011-02-15 10:06:00
391,"Clifford Street, Mayfair",51.51066202,-0.142345694,2020-10-05 13:19:00,11,6,true,false,2011-02-17 15:28:00
392,"Imperial College, Knightsbridge",51.49942855,-0.179702476,2020-10-05 13:19:00,16,5,true,false,2011-02-17 16:05:00
393,"Snow Hill, Farringdon",51.51733427,-0.103604248,2020-10-05 13:19:00,6,9,true,false,2011-02-24 11:04:00
394,"Aberdeen Place, St. John's Wood",51.524826,-0.176268,2020-10-05 13:19:00,6,11,true,false,1970-01-01 01:00:00
395,"Cadogan Gardens, Chelsea",51.492462,-0.159919,2020-10-05 13:19:00,15,0,true,false,2011-02-28 16:00:00
396,"Shouldham Street, Marylebone",51.51809,-0.163609,2020-10-05 13:19:00,0,15,true,false,2011-03-02 14:12:00
397,"Devonshire Terrace, Bayswater",51.51348,-0.17977,2020-10-05 13:19:00,4,10,true,false,2011-03-02 14:25:00
398,"Holland Park, Kensington",51.502319,-0.200742,2020-10-05 13:19:00,1,29,true,false,2011-03-02 14:34:00
399,"Brick Lane Market, Shoreditch",51.52261762,-0.071653961,2020-10-05 13:19:00,23,1,true,false,2011-03-08 11:15:00
400,"George Street, Marylebone",51.517703,-0.154106,2020-10-05 13:19:00,14,12,true,false,2011-03-08 11:21:00
401,"Columbia Road, Shoreditch",51.528187,-0.075375,2020-10-05 13:19:00,12,11,true,false,2011-03-08 13:55:00
402,"Penfold Street, Marylebone",51.52289229,-0.171681991,2020-10-05 13:19:00,2,8,true,false,2011-03-08 14:01:00
403,"George Place Mews, Marylebone",51.51689296,-0.158249929,2020-10-05 13:19:00,5,11,true,false,2011-03-08 14:14:00
404,"Palace Gate, Kensington Gardens",51.50204238,-0.184400221,2020-10-05 13:19:00,4,9,true,false,2011-03-09 11:13:00
405,"Gloucester Road Station, South Kensington",51.49418566,-0.18267094,2020-10-05 13:19:00,5,10,true,false,2011-03-09 11:15:00
409,"Strata, Elephant & Castle",51.493146,-0.099828,2020-10-05 13:19:00,6,33,true,false,1970-01-01 01:00:00
410,"Edgware Road Station, Marylebone",51.519968,-0.169774,2020-10-05 13:19:00,36,25,true,false,1970-01-01 01:00:00
411,"Rotherhithe Roundabout, Rotherhithe",51.499169,-0.055846029,2020-10-05 13:19:00,10,7,true,false,1970-01-01 01:00:00
412,"Cleaver Street, Kennington",51.488105,-0.110121,2020-10-05 13:19:00,10,7,true,false,2011-04-05 13:23:00
419,"Chelsea Bridge, Pimlico",51.485821,-0.149004,2020-10-05 13:19:00,2,13,true,false,2011-06-22 10:35:00
420,"Southwark Station 1, Southwark",51.504043,-0.105312,2020-10-05 13:19:00,30,7,true,false,2011-06-28 11:53:00
421,"Southwark Station 2, Southwark",51.504044,-0.104778,2020-10-05 13:19:00,9,36,true,false,2011-06-28 11:54:00
423,"Eaton Square (South), Belgravia",51.49456127,-0.15393398,2020-10-05 13:19:00,18,13,true,false,2011-07-05 11:04:00
424,"Ebury Bridge, Pimlico",51.490491,-0.149186,2020-10-05 13:19:00,9,18,true,false,2011-12-22 10:52:00
425,"Harrington Square 2, Camden Town",51.533379,-0.139159,2020-10-05 13:19:00,14,24,true,false,2011-07-07 09:47:00
426,"Vincent Street, Pimlico",51.493072,-0.129925,2020-10-05 13:19:00,1,16,true,false,2011-07-12 10:42:00
427,"Cheapside, Bank",51.51397065,-0.09294031,2020-10-05 13:19:00,22,18,true,false,2011-07-15 11:28:00
428,"Exhibition Road, Knightsbridge",51.499917,-0.174554,2020-10-05 13:19:00,16,4,true,false,2011-10-13 09:55:00
430,"South Parade, Chelsea",51.48902,-0.17524,2020-10-05 13:19:00,10,8,true,false,2011-12-22 10:33:00
431,"Crinan Street, King's Cross",51.534474,-0.122203,2020-10-05 13:19:00,18,2,true,false,2011-12-08 14:37:00
432,"Exhibition Road Museums 1, South Kensington",51.496468,-0.17379696,2020-10-05 13:19:00,4,9,true,false,2011-10-24 10:32:00
433,"Wren Street, Holborn",51.524564,-0.116279,2020-10-05 13:19:00,8,23,true,false,2011-12-08 16:26:00
435,"Kennington Station, Kennington",51.488852,-0.105593,2020-10-05 13:19:00,14,9,true,false,2011-12-08 12:07:00
436,"Red Lion Street, Holborn",51.51824,-0.11655,2020-10-05 13:19:00,12,24,true,false,2011-12-08 13:17:00
437,"Vauxhall Walk, Vauxhall",51.488124,-0.120903,2020-10-05 13:19:00,21,5,true,false,2012-01-05 06:53:00
439,"Killick Street, King's Cross",51.5338,-0.118677,2020-10-05 13:19:00,5,17,true,false,2012-01-04 19:31:00
440,"Kennington Oval, Oval",51.483145,-0.113134,2020-10-05 13:19:00,30,3,true,false,2012-01-04 20:16:00
441,"Sail Street, Vauxhall",51.495656,-0.114605,2020-10-05 13:19:00,14,9,true,false,2012-01-04 21:07:00
442,"Walmer Road, Avondale",51.510101,-0.211358,2020-10-05 13:19:00,17,6,true,false,2012-01-07 12:47:00
443,"Philpot Street, Whitechapel",51.515256,-0.058641,2020-10-05 13:19:00,7,23,true,false,2012-01-07 13:10:00
444,"Bethnal Green Garden, Bethnal Green",51.52568,-0.055312,2020-10-05 13:19:00,11,11,true,false,2012-01-07 13:58:00
445,"Cheshire Street, Bethnal Green",51.52388,-0.065076,2020-10-05 13:19:00,19,9,true,false,2012-01-07 14:17:00
446,"York Hall, Bethnal Green",51.528936,-0.055894,2020-10-05 13:19:00,22,3,true,false,2012-01-07 15:08:00
447,"Jubilee Crescent, Cubitt Town",51.493381,-0.007542,2020-10-05 13:19:00,19,34,true,false,2012-01-07 15:10:00
448,"Fisherman's Walk West, Canary Wharf",51.50623,-0.02296,2020-10-05 13:19:00,33,0,true,false,2012-01-07 16:11:00
449,"Shadwell Station, Shadwell",51.511088,-0.057159,2020-10-05 13:19:00,1,29,true,false,2012-01-07 16:15:00
450,"Jubilee Street, Stepney",51.515975,-0.053177,2020-10-05 13:19:00,4,22,true,false,2012-01-09 10:34:00
451,"Hermitage Court, Wapping",51.504719,-0.063531,2020-10-05 13:19:00,7,9,true,false,2012-01-02 10:50:00
452,"St. Katharine's Way, Tower",51.505697,-0.070542,2020-10-05 13:19:00,3,19,true,false,2012-01-09 11:39:00
453,"Garnet Street, Shadwell",51.508447,-0.055167,2020-10-05 13:19:00,9,9,true,false,2012-01-09 12:11:00
454,"Napier Avenue, Millwall",51.487679,-0.021582,2020-10-05 13:19:00,18,0,true,false,2012-01-09 13:23:00
455,"East Ferry Road, Cubitt Town",51.49447,-0.014409,2020-10-05 13:19:00,7,9,true,false,2012-01-09 14:03:00
456,"Parkway, Camden Town",51.538071,-0.144664,2020-10-05 13:19:00,26,7,true,false,2012-01-10 12:13:00
457,"Castlehaven Road, Camden Town",51.542138,-0.145393,2020-10-05 13:19:00,14,15,true,false,2012-01-10 13:48:00
458,"Wapping Lane, Wapping",51.504749,-0.057544,2020-10-05 13:19:00,7,16,true,false,2012-01-11 15:13:00
459,"Gunmakers Lane, Old Ford",51.535179,-0.03338,2020-10-05 13:19:00,0,16,true,false,1970-01-01 01:00:00
460,"Burdett Road, Mile End",51.516196,-0.029138,2020-10-05 13:19:00,18,14,true,false,2012-01-11 12:27:00
461,"Aston Street, Stepney",51.516,-0.038775,2020-10-05 13:19:00,4,14,true,false,2012-01-11 14:54:00
462,"Bonny Street, Camden Town",51.541603,-0.138853,2020-10-05 13:19:00,23,19,true,false,2012-01-11 15:10:00
463,"Thurtle Road, Haggerston",51.534776,-0.071881,2020-10-05 13:19:00,13,7,true,false,1970-01-01 01:00:00
464,"St. Mary & St. Michael Church, Stepney",51.51417,-0.052099,2020-10-05 13:19:00,9,15,true,false,2012-01-11 18:03:00
465,"Pitfield Street North,Hoxton",51.53558,-0.08249,2020-10-05 13:19:00,18,10,true,false,2012-04-05 09:08:00
466,"Whiston Road, Haggerston",51.534464,-0.076341,2020-10-05 13:19:00,10,10,true,false,2012-01-12 09:20:00
467,"Southern Grove, Bow",51.523538,-0.030556,2020-10-05 13:19:00,5,10,true,false,2012-01-12 13:14:00
468,"Cantrell Road, Bow",51.521564,-0.022694,2020-10-05 13:19:00,15,9,true,false,2012-01-12 13:42:00
469,"Lindfield Street, Poplar",51.513757,-0.020467,2020-10-05 13:19:00,28,14,true,false,2012-01-12 15:11:00
470,"Mostyn Grove, Bow",51.530535,-0.025492,2020-10-05 13:19:00,31,14,true,false,2012-01-17 08:57:00
471,"Hewison Street, Old Ford",51.533283,-0.028155,2020-10-05 13:19:00,14,5,true,false,2012-01-17 09:01:00
472,"Malmesbury Road, Bow",51.529452,-0.027616,2020-10-05 13:19:00,6,15,true,false,2012-01-17 09:06:00
473,"Millharbour, Millwall",51.496137,-0.019355,2020-10-05 13:19:00,11,7,true,false,2012-01-17 16:09:00
475,"Lightermans Road, Millwall",51.499041,-0.020157,2020-10-05 13:19:00,8,19,true,false,2012-01-17 18:38:00
476,"Stebondale Street, Cubitt Town",51.489096,-0.009205,2020-10-05 13:19:00,15,12,true,false,2012-01-19 08:35:00
477,"Spindrift Avenue, Millwall",51.49109,-0.018716,2020-10-05 13:19:00,5,27,true,false,2012-01-19 09:03:00
478,"Stepney Green Station, Stepney",51.521889,-0.04667,2020-10-05 13:19:00,7,13,true,false,2012-01-19 09:33:00
479,"Pott Street, Bethnal Green",51.527152,-0.058005,2020-10-05 13:19:00,15,2,true,false,2012-01-19 09:44:00
480,"Flamborough Street, Limehouse",51.5128711,-0.0389866,2020-10-05 13:19:00,5,15,true,false,2012-01-19 12:17:00
481,"Saunders Ness Road, Cubitt Town",51.487129,-0.0090011,2020-10-05 13:19:00,18,8,true,false,2012-01-19 18:08:00
482,"Exhibition Road Museums 2, South Kensington",51.495947,-0.17368958,2020-10-05 13:19:00,13,1,true,false,2012-01-19 18:12:00
483,"Albert Gardens, Stepney",51.51328,-0.047784,2020-10-05 13:19:00,5,27,true,false,2012-01-20 19:38:00
484,"Bromley High Street, Bow",51.528828,-0.013258,2020-10-05 13:19:00,19,5,true,false,2012-01-23 17:29:00
485,"Old Ford Road, Bethnal Green",51.531127,-0.048017,2020-10-05 13:19:00,0,24,true,false,2012-01-22 18:04:00
487,"Canton Street, Poplar",51.511811,-0.025626,2020-10-05 13:19:00,3,18,true,false,2012-01-30 15:21:00
488,"Reardon Street, Wapping",51.506946,-0.058681,2020-10-05 13:19:00,10,10,true,false,2012-01-22 17:56:00
489,"Christian Street, Whitechapel",51.513074,-0.064094,2020-10-05 13:19:00,12,21,true,false,2012-01-20 19:32:00
490,"Pennington Street, Wapping",51.508622,-0.065006,2020-10-05 13:19:00,10,33,true,false,1970-01-01 01:00:00
491,"Queen Mary's, Mile End",51.522507,-0.041378,2020-10-05 13:19:00,40,3,true,false,2012-01-22 18:17:00
492,"Maplin Street, Mile End",51.525501,-0.032267204,2020-10-05 13:19:00,7,29,true,false,2012-01-22 18:22:00
494,"South Quay East, Canary Wharf",51.50196,-0.016251,2020-10-05 13:19:00,6,30,true,false,2012-01-24 19:27:00
495,"Bow Church Station, Bow",51.528169,-0.018703,2020-10-05 13:19:00,24,12,true,false,2012-01-23 17:41:00
496,"Devons Road, Bow",51.52512,-0.015578,2020-10-05 13:19:00,8,31,true,false,2012-01-24 10:27:00
497,"Merchant Street, Bow",51.526149,-0.027396845,2020-10-05 13:19:00,16,9,true,false,2012-01-24 09:47:00
498,"Bow Road Station, Bow",51.527058,-0.025296,2020-10-05 13:19:00,8,33,true,false,2012-01-24 09:51:00
499,"Furze Green, Bow",51.519265,-0.021345,2020-10-05 13:19:00,5,30,true,false,2012-01-24 12:26:00
500,"Ansell House, Stepney",51.519806,-0.055731,2020-10-05 13:19:00,18,22,true,false,2012-01-24 18:34:00
501,"Cephas Street, Bethnal Green",51.522561,-0.054883,2020-10-05 13:19:00,7,16,true,false,2012-01-24 18:37:00
502,"Bonner Gate, Victoria Park",51.53341,-0.049591815,2020-10-05 13:19:00,7,13,true,false,2019-07-24 09:44:00
503,"Cleveland Way, Stepney",51.520893,-0.051394,2020-10-05 13:19:00,24,11,true,false,2012-01-25 12:02:00
504,"St. John's Park, Cubitt Town",51.496454,-0.009506,2020-10-05 13:19:00,13,17,true,false,2012-01-30 15:37:00
505,"Ackroyd Drive, Bow",51.520398,-0.026768,2020-10-05 13:19:00,8,20,true,false,2012-01-30 15:31:00
506,"Bell Lane, Liverpool Street",51.517475,-0.075855,2020-10-05 13:19:00,7,15,true,false,2012-01-30 15:51:00
507,"Clarkson Street, Bethnal Green",51.528692,-0.059091,2020-10-05 13:19:00,3,26,true,false,2012-01-30 15:47:00
508,"Fournier Street, Whitechapel",51.519362,-0.074431,2020-10-05 13:19:00,2,15,true,false,2012-01-30 15:43:00
509,"Fore Street, Guildhall",51.517842,-0.090075,2020-10-05 13:19:00,12,6,true,false,2012-01-30 15:42:00
510,"Westferry DLR, Limehouse",51.509303,-0.025996,2020-10-05 13:19:00,0,38,true,false,1970-01-01 01:00:00
511,"Sutton Street, Shadwell",51.511066,-0.053558,2020-10-05 13:19:00,0,30,true,false,2012-01-30 15:39:00
512,"Pritchard's Road, Bethnal Green",51.532091,-0.06142,2020-10-05 13:19:00,16,14,true,false,2012-02-01 16:10:00
513,"Watney Market, Stepney",51.5142228,-0.055656,2020-10-05 13:19:00,11,38,true,false,1970-01-01 01:00:00
514,"Portman Square, Marylebone",51.516204,-0.155525,2020-10-05 13:19:00,11,6,true,false,2012-02-02 16:52:00
515,"Russell Gardens, Olympia",51.500088,-0.211316,2020-10-05 13:19:00,2,22,true,false,1970-01-01 01:00:00
516,"Chrisp Street Market, Poplar",51.5112,-0.014438,2020-10-05 13:19:00,12,5,true,false,2012-02-02 17:07:00
517,"Ford Road, Old Ford",51.532513,-0.033085,2020-10-05 13:19:00,5,11,true,false,2012-01-17 09:01:00
518,"Antill Road, Mile End",51.528224,-0.037471,2020-10-05 13:19:00,4,26,true,false,1970-01-01 01:00:00
519,"Teviot Street, Poplar",51.518811,-0.011662,2020-10-05 13:19:00,5,28,true,false,1970-01-01 01:00:00
520,"Bancroft Road, Bethnal Green",51.526041,-0.047218,2020-10-05 13:19:00,12,8,true,false,1970-01-01 01:00:00
521,"Driffield Road, Old Ford",51.534137,-0.037366,2020-10-05 13:19:00,2,16,true,false,1970-01-01 01:00:00
522,"Clinton Road, Mile End",51.525941,-0.036017,2020-10-05 13:19:00,26,9,true,false,1970-01-01 01:00:00
523,"Langdon Park, Poplar",51.51549,-0.013475,2020-10-05 13:19:00,19,4,true,false,1970-01-01 01:00:00
524,"Lancaster Gate , Bayswater",51.511654,-0.179668,2020-10-05 13:19:00,19,14,true,false,2012-02-06 07:58:00
526,"Lancaster Drive, Blackwall",51.503143,-0.008428,2020-10-05 13:19:00,3,22,true,false,1970-01-01 01:00:00
527,"Hansard Mews, Holland Park",51.503802,-0.215808,2020-10-05 13:19:00,20,0,true,false,2012-02-09 08:48:00
528,"Clarges Street, Mayfair",51.507326,-0.145827,2020-10-05 13:19:00,14,2,true,false,2012-02-09 08:58:00
529,"Manresa Road, Chelsea",51.486892,-0.170983,2020-10-05 13:19:00,12,5,true,false,1970-01-01 01:00:00
530,"Newby Place, Poplar",51.508896,-0.012413,2020-10-05 13:19:00,15,2,true,false,1970-01-01 01:00:00
531,"Twig Folly Bridge, Mile End",51.530326,-0.042744,2020-10-05 13:19:00,5,15,true,false,2012-02-09 09:14:00
532,"Jubilee Plaza, Canary Wharf",51.50357,-0.020068,2020-10-05 13:19:00,17,44,true,false,2012-02-10 15:06:00
533,"Wellington Row, Bethnal Green",51.528222,-0.069743,2020-10-05 13:19:00,6,26,true,false,1970-01-01 01:00:00
534,"Goldsmith's Row, Haggerston",51.531864,-0.066035,2020-10-05 13:19:00,15,10,true,false,1970-01-01 01:00:00
535,"Gloucester Avenue, Camden Town",51.537349,-0.147154,2020-10-05 13:19:00,9,14,true,false,1970-01-01 01:00:00
536,"Queensbridge Road, Haggerston",51.53385,-0.06992,2020-10-05 13:19:00,27,6,true,false,1970-01-01 01:00:00
537,"Old Montague Street, Whitechapel",51.51793,-0.067937,2020-10-05 13:19:00,0,18,true,false,2012-02-27 14:28:00
538,"Naval Row, Blackwall",51.508981,-0.00699,2020-10-05 13:19:00,13,7,true,false,1970-01-01 01:00:00
539,"Hoxton Station, Hoxton",51.531091,-0.075901,2020-10-05 13:19:00,12,8,true,false,1970-01-01 01:00:00
540,"Albany Street, The Regent's Park",51.528302,-0.144466,2020-10-05 13:19:00,5,21,true,false,1970-01-01 01:00:00
541,"Green Park Station, Mayfair",51.506613,-0.142844,2020-10-05 13:19:00,9,16,true,false,1970-01-01 01:00:00
542,"Salmon Lane, Limehouse",51.514115,-0.033828,2020-10-05 13:19:00,21,8,true,false,1970-01-01 01:00:00
543,"Lansdowne Walk, Ladbroke Grove",51.509591,-0.204666,2020-10-05 13:19:00,5,16,true,false,1970-01-01 01:00:00
544,"Percival Street, Finsbury",51.526153,-0.102208,2020-10-05 13:19:00,8,13,true,false,1970-01-01 01:00:00
545,"Arlington Road, Camden Town",51.539957,-0.145246,2020-10-05 13:19:00,22,0,true,false,1970-01-01 01:00:00
546,"New Fetter Lane, Holborn",51.517428,-0.107987,2020-10-05 13:19:00,7,14,true,false,1970-01-01 01:00:00
547,"East India DLR, Blackwall",51.509474,-0.002275,2020-10-05 13:19:00,10,40,true,false,1970-01-01 01:00:00
548,"Westminster Bridge Road, Elephant & Castle",51.498386,-0.107913,2020-10-05 13:19:00,16,10,true,false,1970-01-01 01:00:00
549,"Gaywood  Street, Elephant & Castle",51.49605,-0.104193,2020-10-05 13:19:00,19,24,true,false,1970-01-01 01:00:00
550,"Harford Street, Mile End",51.521564,-0.039264,2020-10-05 13:19:00,10,13,true,false,1970-01-01 01:00:00
551,"Import Dock, Canary Wharf",51.505772,-0.016460175,2020-10-05 13:19:00,32,4,true,false,2012-02-24 08:22:00
552,"Watney Street, Shadwell",51.511542,-0.056667,2020-10-05 13:19:00,0,25,true,false,1970-01-01 01:00:00
553,"Regent's Row , Haggerston",51.535678,-0.062546,2020-10-05 13:19:00,7,17,true,false,1970-01-01 01:00:00
554,"Aberfeldy Street, Poplar",51.513548,-0.005659,2020-10-05 13:19:00,0,16,true,false,1970-01-01 01:00:00
556,"Heron Quays DLR, Canary Wharf",51.502661,-0.021596,2020-10-05 13:19:00,3,23,true,false,1970-01-01 01:00:00
557,"King Edward Street, St Pauls",51.51601,-0.0985,2020-10-05 13:19:00,10,9,true,false,1970-01-01 01:00:00
558,"Page Street, Westminster",51.493978,-0.127554,2020-10-05 13:19:00,4,20,true,false,2014-05-09 12:32:00
559,"Abbotsbury Road, Holland Park",51.501391,-0.205991,2020-10-05 13:19:00,2,22,true,false,1970-01-01 01:00:00
560,"Ladbroke Grove Central, Ladbroke Grove",51.511624,-0.205921,2020-10-05 13:19:00,13,8,true,false,1970-01-01 01:00:00
561,"Rectory Square, Stepney",51.518369,-0.043371,2020-10-05 13:19:00,4,17,true,false,2012-02-29 08:19:00
562,"Bury Place, Holborn",51.51746,-0.12335,2020-10-05 13:19:00,8,13,true,false,2012-02-29 08:17:00
563,"Preston's Road, Cubitt Town",51.499286,-0.009152,2020-10-05 13:19:00,9,14,true,false,1970-01-01 01:00:00
564,"Somerset House, Strand",51.509943,-0.117619,2020-10-05 13:19:00,25,14,true,false,1970-01-01 01:00:00
565,"Selby Street, Whitechapel",51.521905,-0.063386,2020-10-05 13:19:00,7,10,true,false,1970-01-01 01:00:00
566,"Westfield Ariel Way, White City",51.509158,-0.224103,2020-10-05 13:19:00,29,12,true,false,2012-03-05 08:59:00
568,"Bishop's Bridge Road West, Bayswater",51.51616,-0.18697,2020-10-05 13:19:00,1,15,true,false,1970-01-01 01:00:00
569,"Pitfield Street Central, Hoxton",51.53213,-0.08299,2020-10-05 13:19:00,6,23,true,false,1970-01-01 01:00:00
570,"Upper Bank Street, Canary Wharf",51.503083,-0.017676,2020-10-05 13:19:00,33,2,true,false,2012-03-03 11:13:00
571,"Westfield Southern Terrace ,Shepherd's Bush",51.506256,-0.218337,2020-10-05 13:19:00,27,1,true,false,2012-03-01 16:43:00
572,"Greenland Road, Camden Town",51.539099,-0.141728,2020-10-05 13:19:00,26,10,true,false,1970-01-01 01:00:00
573,"Limerston Street, West Chelsea",51.485587,-0.18119,2020-10-05 13:19:00,17,1,true,false,2012-03-15 07:21:00
574,"Eagle Wharf Road, Hoxton",51.53356,-0.09315,2020-10-05 13:19:00,28,14,true,false,2012-04-05 10:36:00
576,"Alpha Grove, Millwall",51.497304,-0.022793,2020-10-05 13:19:00,2,20,true,false,1970-01-01 01:00:00
577,"Globe Town Market, Bethnal Green",51.528869,-0.047548,2020-10-05 13:19:00,5,14,true,false,1970-01-01 01:00:00
578,"Hollybush Gardens, Bethnal Green",51.527607,-0.057133,2020-10-05 13:19:00,13,16,true,false,2012-02-28 15:58:00
579,"Queen Street 2, Bank",51.511246,-0.093051,2020-10-05 13:19:00,10,23,true,false,1970-01-01 01:00:00
580,"Doddington Grove, Kennington",51.48692917,-0.102996299,2020-10-05 13:19:00,23,11,true,false,2014-02-12 12:35:00
581,"New Cavendish Street, Marylebone",51.519167,-0.147983,2020-10-05 13:19:00,5,13,true,false,2012-03-16 07:39:00
583,"Abingdon Green, Westminster",51.497622,-0.125978,2020-10-05 13:19:00,16,4,true,false,1970-01-01 01:00:00
584,"Ilchester Gardens, Bayswater",51.51244,-0.19096,2020-10-05 13:19:00,6,11,true,false,1970-01-01 01:00:00
586,"Mudchute DLR, Cubitt Town",51.490645,-0.014582,2020-10-05 13:19:00,23,7,true,false,2012-03-15 07:40:00
587,"Monument Street, Monument",51.50964,-0.08497,2020-10-05 13:19:00,11,10,true,false,2012-03-22 08:52:00
588,"Hoxton Street, Hoxton",51.52959,-0.0801,2020-10-05 13:19:00,19,6,true,false,2012-03-05 08:57:00
589,"Drayton Gardens, West Chelsea",51.487196,-0.179369,2020-10-05 13:19:00,12,6,true,false,1970-01-01 01:00:00
590,"Greenberry Street, St.John's Wood",51.53256,-0.16862,2020-10-05 13:19:00,6,20,true,false,1970-01-01 01:00:00
592,"Bishop's Bridge Road East, Bayswater",51.5171,-0.18377,2020-10-05 13:19:00,3,17,true,false,1970-01-01 01:00:00
593,"Northdown Street, King's Cross",51.531066,-0.11934,2020-10-05 13:19:00,5,16,true,false,1970-01-01 01:00:00
594,"Kingsway Southbound, Strand",51.513875,-0.117774,2020-10-05 13:19:00,19,14,true,false,2012-03-14 07:38:00
595,"Hammersmith Road, Hammersmith",51.493267,-0.21985,2020-10-05 13:19:00,16,6,true,false,1970-01-01 01:00:00
596,"Parson's Green , Parson's Green",51.472817,-0.199783,2020-10-05 13:19:00,11,9,true,false,1970-01-01 01:00:00
597,"Fulham Park Road, Fulham",51.473471,-0.20782,2020-10-05 13:19:00,25,2,true,false,1970-01-01 01:00:00
598,"Southerton Road, Hammersmith",51.494499,-0.228188,2020-10-05 13:19:00,31,6,true,false,2017-08-01 00:45:00
599,"Manbre Road, Hammersmith",51.485743,-0.223616,2020-10-05 13:19:00,11,17,true,false,1970-01-01 01:00:00
600,"South Lambeth Road, Vauxhall",51.481747,-0.124642,2020-10-05 13:19:00,10,10,true,false,1970-01-01 01:00:00
601,"BBC White City, White City",51.514767,-0.225787,2020-10-05 13:19:00,27,8,true,false,1970-01-01 01:00:00
602,"Union Grove, Wandsworth Road",51.472993,-0.133972,2020-10-05 13:19:00,19,26,true,false,1970-01-01 01:00:00
603,"Caldwell Street, Stockwell",51.477839,-0.116493,2020-10-05 13:19:00,18,25,true,false,1970-01-01 01:00:00
604,"St Martins Close, Camden Town",51.538792,-0.138535,2020-10-05 13:19:00,13,4,true,false,1970-01-01 01:00:00
605,"Seymour Place, Marylebone",51.520331,-0.163667,2020-10-05 13:19:00,5,21,true,false,1970-01-01 01:00:00
606,"Addison Road, Holland Park",51.504199,-0.210941,2020-10-05 13:19:00,14,12,true,false,1970-01-01 01:00:00
607,"Putney Bridge Station, Fulham",51.468814,-0.210279,2020-10-05 13:19:00,13,6,true,false,1970-01-01 01:00:00
608,"Colet Gardens, Hammersmith",51.491093,-0.216493,2020-10-05 13:19:00,1,29,true,false,1970-01-01 01:00:00
609,"Sugden Road, Clapham",51.46512358,-0.157788279,2020-10-05 13:19:00,2,16,true,false,2013-09-25 12:53:00
610,"Danvers Street, West Chelsea",51.48256792,-0.172078187,2020-10-05 13:19:00,11,10,true,false,2013-09-25 13:51:00
611,"Princedale Road , Holland Park",51.50646524,-0.208486599,2020-10-05 13:19:00,2,18,true,false,2013-09-26 14:59:00
612,"Wandsworth Rd, Isley Court, Wandsworth Road",51.46925984,-0.141812513,2020-10-05 13:19:00,2,27,true,false,2013-09-27 16:10:00
613,"Woodstock Grove, Shepherd's Bush",51.50403821,-0.217400093,2020-10-05 13:19:00,19,5,true,false,2013-09-26 17:11:00
614,"Bradmead, Battersea Park",51.47817208,-0.144690541,2020-10-05 13:19:00,1,39,true,false,2013-10-03 11:10:00
615,"Finlay Street, Fulham",51.4768851,-0.215895601,2020-10-05 13:19:00,19,4,true,false,2013-09-27 14:35:00
616,"Aintree Street, Fulham",51.48102131,-0.209973497,2020-10-05 13:19:00,3,20,true,false,1970-01-01 01:00:00
617,"Elysium Place, Fulham",51.47107905,-0.207842908,2020-10-05 13:19:00,3,18,true,false,2013-09-30 09:59:00
618,"Eel Brook Common, Walham Green",51.47625965,-0.193254007,2020-10-05 13:19:00,7,17,true,false,2013-09-30 14:09:00
619,"Irene Road, Parsons Green",51.4737636,-0.197010096,2020-10-05 13:19:00,12,31,true,false,2013-09-30 15:46:00
620,"Surrey Lane, Battersea",51.47518024,-0.167160736,2020-10-05 13:19:00,15,12,true,false,2013-10-01 13:04:00
621,"Wandsworth Town Station, Wandsworth",51.46086446,-0.187427294,2020-10-05 13:19:00,26,7,true,false,2013-10-04 16:08:00
622,"Lansdowne Road, Ladbroke Grove",51.50748124,-0.205535908,2020-10-05 13:19:00,16,13,true,false,2013-10-04 16:48:00
623,"Nantes Close, Wandsworth",51.46193072,-0.180791784,2020-10-05 13:19:00,13,9,true,false,2013-10-07 09:42:00
624,"Courland Grove, Wandsworth Road",51.4729184,-0.132102704,2020-10-05 13:19:00,6,33,true,false,2013-10-08 10:24:00
625,"Queen's Circus, Battersea Park",51.47761941,-0.149551631,2020-10-05 13:19:00,6,19,true,false,2013-10-08 11:18:00
626,"Normand Park, West Kensington",51.48438657,-0.20481514,2020-10-05 13:19:00,6,17,true,false,2013-10-16 11:45:00
627,"Holden Street, Battersea",51.4687905,-0.158230901,2020-10-05 13:19:00,8,10,true,false,2013-10-16 14:50:00
628,"William Morris Way, Sands End",51.46881971,-0.184318843,2020-10-05 13:19:00,18,6,true,false,2013-10-10 15:23:00
629,"Morie Street, Wandsworth",51.45995384,-0.190184054,2020-10-05 13:19:00,10,18,true,false,2013-10-11 09:18:00
630,"Clarence Walk, Stockwell",51.47073264,-0.126994068,2020-10-05 13:19:00,7,20,true,false,2013-10-11 11:25:00
631,"Battersea Park Road, Nine Elms",51.4795017,-0.141770709,2020-10-05 13:19:00,0,23,true,false,2013-10-08 16:15:00
632,"Sheepcote Lane, Battersea",51.47053858,-0.163041605,2020-10-05 13:19:00,16,11,true,false,2013-10-08 09:25:00
633,"Vereker Road, West Kensington",51.48959104,-0.209378594,2020-10-05 13:19:00,5,27,true,false,2013-10-10 12:02:00
634,"Brook Green South, Brook Green",51.49434708,-0.215804559,2020-10-05 13:19:00,13,19,true,false,2013-10-14 10:43:00
635,"Greyhound Road, Hammersmith",51.48606206,-0.214428378,2020-10-05 13:19:00,10,27,true,false,2013-10-14 14:14:00
636,"South Park, Sands End",51.46706414,-0.193502076,2020-10-05 13:19:00,15,13,true,false,2013-10-15 15:12:00
637,"Spencer Park, Wandsworth Common",51.45787019,-0.174691623,2020-10-05 13:19:00,1,23,true,false,2013-10-16 15:28:00
638,"Falcon Road, Clapham Junction",51.46663393,-0.169821175,2020-10-05 13:19:00,1,22,true,false,2013-10-15 11:47:00
639,"Coomer Place, West Kensington",51.48357068,-0.202038682,2020-10-05 13:19:00,19,5,true,false,2013-10-15 12:15:00
640,"Silverthorne Road, Battersea",51.47286577,-0.148059277,2020-10-05 13:19:00,11,16,true,false,2013-10-17 12:47:00
641,"Archbishop's Park, Waterloo",51.49824168,-0.117495865,2020-10-05 13:19:00,10,13,true,false,2013-10-16 13:35:00
642,"Fawcett Close, Battersea",51.46916161,-0.174485792,2020-10-05 13:19:00,9,27,true,false,2013-10-16 15:37:00
643,"All Saints' Road, Portobello",51.5190427,-0.204764421,2020-10-05 13:19:00,15,7,true,false,2013-10-17 12:52:00
644,"Rainville Road, Hammersmith",51.48373225,-0.223852256,2020-10-05 13:19:00,16,20,true,false,2013-10-20 15:16:00
645,"Great Suffolk Street, The Borough",51.50173215,-0.100292412,2020-10-05 13:19:00,13,8,true,false,2013-10-18 16:40:00
646,"Buckingham Gate, Westminster",51.49886563,-0.137424571,2020-10-05 13:19:00,4,12,true,false,2013-10-18 09:19:00
647,"Richmond Way, Shepherd's Bush",51.50035306,-0.217515071,2020-10-05 13:19:00,21,6,true,false,2013-10-21 10:19:00
648,"Peterborough Road, Sands End",51.46904022,-0.19627483,2020-10-05 13:19:00,18,10,true,false,2013-10-21 11:54:00
649,"World's End Place, West Chelsea",51.48180515,-0.18027465,2020-10-05 13:19:00,12,9,true,false,2013-10-21 10:40:00
650,"St. Mark's Road, North Kensington",51.51687069,-0.213872396,2020-10-05 13:19:00,15,6,true,false,2013-10-22 11:42:00
651,"Thorndike Close, West Chelsea",51.48089844,-0.183853573,2020-10-05 13:19:00,6,19,true,false,2013-10-22 12:33:00
652,"Evesham Street, Avondale",51.51148696,-0.218190203,2020-10-05 13:19:00,20,8,true,false,2013-10-15 15:49:00
653,"Simpson Street, Clapham Junction",51.47084722,-0.17070367,2020-10-05 13:19:00,6,19,true,false,2013-10-23 15:51:00
654,"Ashmole Estate, Oval",51.48267821,-0.117661574,2020-10-05 13:19:00,9,24,true,false,2013-10-23 10:20:00
655,"Crabtree Lane, Fulham",51.48294452,-0.219346128,2020-10-05 13:19:00,13,13,true,false,2013-10-24 11:40:00
656,"Broomhouse Lane, Parsons Green",51.46841875,-0.199135704,2020-10-05 13:19:00,15,14,true,false,2013-10-24 12:36:00
657,"Blythe Road West, Shepherd's Bush",51.4996806,-0.221791552,2020-10-05 13:19:00,0,21,true,false,2013-10-24 14:30:00
658,"Ethelburga Estate, Battersea Park",51.47729232,-0.16478637,2020-10-05 13:19:00,6,22,true,false,2013-11-06 09:45:00
659,"Blackfriars Station, St. Paul's",51.511934,-0.10307894,2020-10-05 13:19:00,3,32,true,false,2013-10-25 11:31:00
660,"West Kensington Station, West Kensington",51.49087074,-0.206029743,2020-10-05 13:19:00,11,10,true,false,2013-10-25 13:49:00
661,"All Saints Church, Portobello",51.51632095,-0.202608612,2020-10-05 13:19:00,21,12,true,false,2013-10-27 15:28:00
662,"Phene Street, Chelsea",51.48498496,-0.167919869,2020-10-05 13:19:00,5,19,true,false,2013-10-27 09:38:00
663,"Clarendon Road, Avondale",51.51323001,-0.211593602,2020-10-05 13:19:00,10,11,true,false,2013-10-27 10:34:00
664,"Austin Road, Battersea Park",51.474376,-0.155442787,2020-10-05 13:19:00,4,18,true,false,2013-10-28 12:45:00
665,"Smugglers Way, Wandsworth",51.46108367,-0.191722864,2020-10-05 13:19:00,22,6,true,false,2013-10-28 15:55:00
666,"Olympia Way, Olympia",51.49610093,-0.208158259,2020-10-05 13:19:00,0,37,true,false,2013-10-29 16:18:00
667,"Shepherd's Bush Road North, Shepherd's Bush",51.5015946,-0.222293381,2020-10-05 13:19:00,0,33,true,false,2013-10-30 12:29:00
668,"Ravenscourt Park Station, Hammersmith",51.49422354,-0.236769936,2020-10-05 13:19:00,11,14,true,false,2013-10-30 14:26:00
669,"Teversham Lane, Stockwell",51.47614939,-0.1232585,2020-10-05 13:19:00,16,23,true,false,2013-10-30 15:41:00
670,"Ashley Crescent, Battersea",51.46718562,-0.152248582,2020-10-05 13:19:00,0,28,true,false,2013-10-31 09:44:00
671,"Parsons Green Station, Parsons Green",51.475089,-0.201968,2020-10-05 13:19:00,37,17,true,false,2013-10-31 11:12:00
673,"Hibbert Street, Battersea",51.46517078,-0.18038939,2020-10-05 13:19:00,23,11,true,false,2013-11-01 15:25:00
674,"Carnegie Street, King's Cross",51.53546778,-0.11619105,2020-10-05 13:19:00,19,21,true,false,1970-01-01 01:00:00
675,"Usk Road, Clapham Junction",51.46348914,-0.182126248,2020-10-05 13:19:00,7,21,true,false,2013-11-01 16:12:00
676,"Hartington Road, Stockwell",51.47787084,-0.126874471,2020-10-05 13:19:00,14,21,true,false,2013-11-04 17:00:00
677,"Heath Road, Battersea",51.46866929,-0.146544642,2020-10-05 13:19:00,12,15,true,false,2013-11-03 10:56:00
678,"Esmond Street, Putney",51.46231278,-0.211468596,2020-10-05 13:19:00,11,19,true,false,2013-11-05 12:13:00
679,"Orbel Street, Battersea",51.47453545,-0.170210533,2020-10-05 13:19:00,21,5,true,false,2013-11-05 14:20:00
680,"Westbridge Road, Battersea",51.47768469,-0.170329317,2020-10-05 13:19:00,8,17,true,false,2013-11-05 13:18:00
681,"Bishop's Avenue, Fulham",51.47303687,-0.214749808,2020-10-05 13:19:00,27,19,true,false,2013-11-06 10:24:00
682,"Crisp Road, Hammersmith",51.48810829,-0.22660621,2020-10-05 13:19:00,41,4,true,false,2013-11-06 11:44:00
683,"Dorothy Road, Clapham Junction",51.46506424,-0.163750945,2020-10-05 13:19:00,18,10,true,false,2013-11-06 15:07:00
684,"Neville Gill Close, Wandsworth",51.45475251,-0.195197203,2020-10-05 13:19:00,18,14,true,false,2013-11-07 11:23:00
685,"Osiers Road, Wandsworth",51.46067005,-0.198735357,2020-10-05 13:19:00,4,26,true,false,2013-11-07 12:30:00
686,"Beryl Road, Hammersmith",51.48814438,-0.222456468,2020-10-05 13:19:00,6,20,true,false,2013-11-07 14:46:00
687,"Maclise Road, Olympia",51.49760804,-0.21145598,2020-10-05 13:19:00,11,15,true,false,2013-11-07 15:34:00
688,"Northfields, Wandsworth",51.46095151,-0.20066766,2020-10-05 13:19:00,6,21,true,false,2013-11-08 12:54:00
689,"Spanish Road, Clapham Junction",51.45922541,-0.180884959,2020-10-05 13:19:00,3,26,true,false,2013-11-08 13:43:00
690,"Stanley Grove, Battersea",51.47047503,-0.152130083,2020-10-05 13:19:00,10,13,true,false,2013-11-08 15:31:00
691,"Erin Close, Walham Green",51.47946386,-0.195777222,2020-10-05 13:19:00,21,3,true,false,2013-11-18 08:32:00
692,"Cadogan Close, Victoria Park",51.54211855,-0.028941601,2020-10-05 13:19:00,15,4,true,false,2013-11-11 10:37:00
693,"Felsham Road, Putney",51.464786,-0.215618902,2020-10-05 13:19:00,13,5,true,false,2013-11-09 12:46:00
694,"Putney Rail Station, Putney",51.46071722,-0.216526155,2020-10-05 13:19:00,0,20,true,false,2013-11-09 13:44:00
695,"Islington Green, Angel",51.53638435,-0.102757578,2020-10-05 13:19:00,6,13,true,false,2013-11-11 12:27:00
696,"Charing Cross Hospital, Hammersmith",51.48728535,-0.217995921,2020-10-05 13:19:00,9,12,true,false,2013-11-11 14:27:00
697,"Charlotte Terrace, Angel",51.53639219,-0.112721065,2020-10-05 13:19:00,13,12,true,false,2013-11-12 10:12:00
698,"Shoreditch Court, Haggerston",51.53908372,-0.070329419,2020-10-05 13:19:00,25,8,true,false,2013-11-12 11:05:00
699,"Belford House, Haggerston",51.5366541,-0.07023031,2020-10-05 13:19:00,22,13,true,false,2013-11-12 11:34:00
700,"Battersea Church Road, Battersea",51.47696496,-0.174347066,2020-10-05 13:19:00,0,24,true,false,2013-11-13 11:48:00
701,"Vicarage Crescent, Battersea",51.47287627,-0.176267008,2020-10-05 13:19:00,11,18,true,false,2013-11-13 12:18:00
702,"Durant Street, Bethnal Green",51.52868155,-0.065550321,2020-10-05 13:19:00,7,17,true,false,2013-11-13 12:31:00
703,"St. Bride Street, Holborn",51.51505991,-0.10534448,2020-10-05 13:19:00,9,15,true,false,2013-11-13 15:50:00
704,"Mexfield Road, East Putney",51.45682071,-0.202802098,2020-10-05 13:19:00,0,17,true,false,2013-11-14 15:38:00
705,"Upper Richmond Road, Putney",51.45971528,-0.212145939,2020-10-05 13:19:00,5,20,true,false,2013-11-14 18:17:00
706,"Snowsfields, London Bridge",51.50215353,-0.083632928,2020-10-05 13:19:00,24,6,true,false,2013-11-14 09:22:00
707,"Barons Court Station, West Kensington",51.49021762,-0.215087092,2020-10-05 13:19:00,2,29,true,false,2013-11-14 13:28:00
708,"Disraeli Road, Putney",51.46161068,-0.21614583,2020-10-05 13:19:00,2,31,true,false,2013-11-15 15:43:00
709,"Montserrat Road , Putney",51.46321128,-0.215550761,2020-10-05 13:19:00,14,9,true,false,2013-11-15 10:09:00
710,"Albert Bridge Road, Battersea Park",51.47439218,-0.163347594,2020-10-05 13:19:00,3,17,true,false,2013-11-15 13:03:00
711,"Everington Street, Fulham",51.48335692,-0.216305546,2020-10-05 13:19:00,5,25,true,false,2013-11-18 16:19:00
712,"Mile End Stadium, Mile End",51.51854104,-0.034903714,2020-10-05 13:19:00,4,15,true,false,2013-11-18 17:52:00
713,"Hawley Crescent, Camden Town",51.54100708,-0.14326094,2020-10-05 13:19:00,16,6,true,false,2013-11-18 11:37:00
714,"Stewart's Road, Wandsworth Road",51.47311696,-0.137235175,2020-10-05 13:19:00,10,17,true,false,2013-11-19 12:50:00
715,"Aylward Street, Stepney",51.51563007,-0.049067243,2020-10-05 13:19:00,7,13,true,false,2013-11-19 13:41:00
716,"Stainsby Road , Poplar",51.51542791,-0.02356501,2020-10-05 13:19:00,13,8,true,false,2013-11-19 15:05:00
717,"Dunston Road , Haggerston",51.53658514,-0.075885686,2020-10-05 13:19:00,28,13,true,false,2013-11-20 13:00:00
718,"Ada Street, Hackney Central",51.53571683,-0.060291813,2020-10-05 13:19:00,40,3,true,false,2013-11-20 15:54:00
719,"Victoria Park Road, Hackney Central",51.53642464,-0.054162264,2020-10-05 13:19:00,11,23,true,false,2013-11-20 17:28:00
720,"Star Road, West Kensington",51.48724429,-0.205279052,2020-10-05 13:19:00,19,4,true,false,2013-11-21 09:24:00
721,"Wendon Street, Old Ford",51.53603947,-0.026262677,2020-10-05 13:19:00,11,7,true,false,2013-11-21 10:08:00
722,"Finnis Street, Bethnal Green",51.52458353,-0.058631453,2020-10-05 13:19:00,4,15,true,false,2013-11-21 10:10:00
723,"Stephendale Road, Sands End",51.46822047,-0.190346493,2020-10-05 13:19:00,11,36,true,false,2013-11-21 12:03:00
724,"Alma Road, Wandsworth",51.45799126,-0.184806157,2020-10-05 13:19:00,0,28,true,false,2013-11-22 13:03:00
725,"Walworth Square, Walworth",51.491327,-0.096518684,2020-10-05 13:19:00,8,16,true,false,2019-07-17 09:35:00
726,"Alfreda Street, Battersea Park",51.47505096,-0.150908371,2020-10-05 13:19:00,0,21,true,false,2013-11-22 13:59:00
727,"Chesilton Road, Fulham",51.47569809,-0.20587627,2020-10-05 13:19:00,14,9,true,false,2013-11-22 14:56:00
728,"Putney Bridge Road, East Putney",51.46199911,-0.206240805,2020-10-05 13:19:00,7,22,true,false,2013-11-26 11:53:00
729,"St. Peter's Terrace, Fulham",51.47893931,-0.208485293,2020-10-05 13:19:00,14,10,true,false,2013-11-25 14:55:00
730,"Bridge Avenue, Hammersmith",51.49208492,-0.229116862,2020-10-05 13:19:00,13,1,true,false,2013-11-22 15:03:00
731,"Michael Road, Walham Green",51.47727637,-0.189210466,2020-10-05 13:19:00,19,17,true,false,2013-11-25 15:52:00
732,"Duke Street Hill, London Bridge",51.50630441,-0.087262995,2020-10-05 13:19:00,16,3,true,false,2013-11-26 09:27:00
733,"Park Lane, Mayfair",51.50542628,-0.150817316,2020-10-05 13:19:00,7,11,true,false,2013-11-26 10:14:00
734,"Plough Terrace, Clapham Junction",51.46230566,-0.175407201,2020-10-05 13:19:00,1,29,true,false,2013-11-26 11:15:00
735,"Grant Road East, Clapham Junction",51.46489445,-0.17302926,2020-10-05 13:19:00,5,23,true,false,2013-11-25 12:38:00
736,"Queensdale Road, Shepherd's Bush",51.50659035,-0.216104479,2020-10-05 13:19:00,18,10,true,false,2013-11-26 13:35:00
737,"Fulham Broadway, Walham Green",51.47993289,-0.19411695,2020-10-05 13:19:00,25,0,true,false,2013-11-27 12:17:00
738,"Imperial Road, Sands End",51.47514228,-0.187278987,2020-10-05 13:19:00,3,31,true,false,2013-11-27 14:43:00
739,"Hortensia Road, West Brompton",51.48176572,-0.185273723,2020-10-05 13:19:00,5,23,true,false,2013-11-28 09:30:00
740,"Sirdar Road, Avondale",51.51092871,-0.214594781,2020-10-05 13:19:00,12,14,true,false,2013-11-28 10:44:00
741,"Freston Road, Avondale",51.5129814,-0.219486603,2020-10-05 13:19:00,12,8,true,false,2013-11-28 12:02:00
742,"Blenheim Crescent, Ladbroke Grove",51.51510818,-0.208565479,2020-10-05 13:19:00,7,14,true,false,2013-11-28 14:39:00
743,"Oxford Road, Putney",51.46079243,-0.212607684,2020-10-05 13:19:00,0,29,true,false,2013-11-29 11:15:00
744,"Ingrave Street, Clapham Junction",51.46745485,-0.172293499,2020-10-05 13:19:00,15,13,true,false,2013-11-29 12:56:00
745,"Upcerne Road, West Chelsea",51.47816972,-0.18243547,2020-10-05 13:19:00,11,18,true,false,2013-11-29 15:47:00
746,"Lots Road, West Chelsea",51.4795738,-0.17903854,2020-10-05 13:19:00,10,14,true,false,2013-12-02 12:02:00
747,"Ormonde Gate, Chelsea",51.48796408,-0.161765173,2020-10-05 13:19:00,23,1,true,false,2013-12-02 15:14:00
748,"Hertford Road, De Beauvoir Town",51.53727795,-0.079201849,2020-10-05 13:19:00,14,10,true,false,2013-12-04 12:25:00
749,"Haggerston Road, Haggerston",51.53932857,-0.074284675,2020-10-05 13:19:00,32,4,true,false,2013-12-04 15:54:00
750,"Culvert Road, Battersea",51.4710956,-0.157850096,2020-10-05 13:19:00,22,5,true,false,2013-12-05 10:46:00
751,"Newton Street, Covent Garden",51.51612862,-0.120909408,2020-10-05 13:19:00,5,19,true,false,2013-12-05 13:40:00
754,"Grenfell Road, Avondale",51.5129006,-0.214762686,2020-10-05 13:19:00,21,1,true,false,2014-01-06 10:19:00
755,"The Vale, Chelsea",51.48512191,-0.174971902,2020-10-05 13:19:00,16,8,true,false,2014-01-06 11:43:00
756,"Prince of Wales Drive, Battersea Park",51.47515398,-0.159169801,2020-10-05 13:19:00,5,16,true,false,2014-01-20 13:04:00
757,"Harcourt Terrace, West Brompton",51.48795853,-0.187404506,2020-10-05 13:19:00,11,13,true,false,2014-01-07 11:31:00
758,"Westbourne Park Road, Portobello",51.51787005,-0.201005397,2020-10-05 13:19:00,1,21,true,false,2014-01-08 10:47:00
759,"Broadley Terrace, Marylebone",51.52456169,-0.165668686,2020-10-05 13:19:00,6,12,true,false,2014-01-13 15:38:00
760,"Rossmore Road, Marylebone",51.52526975,-0.163795009,2020-10-05 13:19:00,11,7,true,false,2014-01-21 13:26:00
761,"Humbolt Road, Fulham",51.48321729,-0.211860644,2020-10-05 13:19:00,13,13,true,false,2014-01-15 10:30:00
762,"Storey's Gate, Westminster",51.50070305,-0.129698963,2020-10-05 13:19:00,20,1,true,false,2014-02-10 13:30:00
763,"Mile End Park Leisure Centre, Mile End",51.52059714,-0.032566533,2020-10-05 13:19:00,10,33,true,false,2014-02-10 14:37:00
764,"St. John's Road, Clapham Junction",51.46239255,-0.16829214,2020-10-05 13:19:00,3,29,true,false,2014-02-17 10:38:00
765,"Ranelagh Gardens, Fulham",51.46760141,-0.20682737,2020-10-05 13:19:00,23,14,true,false,2014-02-21 12:49:00
766,"Ram Street, Wandsworth",51.45752945,-0.192165613,2020-10-05 13:19:00,22,3,true,false,2014-02-20 11:14:00
767,"Santos Road, Wandsworth",51.45705988,-0.200806304,2020-10-05 13:19:00,22,8,true,false,2014-02-26 09:18:00
768,"Clapham Common North Side, Clapham Common",51.46134382,-0.159322467,2020-10-05 13:19:00,7,29,true,false,2014-02-27 09:41:00
769,"Sandilands Road, Walham Green",51.473611,-0.191803,2020-10-05 13:19:00,0,17,true,false,2014-03-04 13:26:00
770,"Gwendwr Road, West Kensington",51.491026,-0.209121,2020-10-05 13:19:00,9,20,true,false,2014-03-06 09:48:00
771,"Rifle Place, Avondale",51.509224,-0.216016,2020-10-05 13:19:00,10,11,true,false,2014-03-05 11:20:00
772,"Binfield Road, Stockwell",51.47250956,-0.122831913,2020-10-05 13:19:00,15,20,true,false,2014-04-02 13:35:00
773,"Tallis Street, Temple",51.511891,-0.107349,2020-10-05 13:19:00,17,7,true,false,2014-03-31 11:42:00
774,"Hurlingham Park, Parsons Green",51.470131,-0.20464,2020-10-05 13:19:00,19,1,true,false,2014-03-31 12:38:00
775,"Little Brook Green, Brook Green",51.496664,-0.223868,2020-10-05 13:19:00,23,10,true,false,2014-03-31 13:52:00
776,"Abyssinia Close, Clapham Junction",51.460333,-0.167029,2020-10-05 13:19:00,11,8,true,false,2014-03-31 14:42:00
777,"Limburg Road, Clapham Junction",51.4619230679,-0.165297856693,2020-10-05 13:19:00,14,6,true,false,2014-07-25 11:09:00
779,"Houndsditch, Aldgate",51.514449,-0.077178979,2020-10-05 13:19:00,19,9,true,false,2015-06-26 11:15:00
780,"Imperial Wharf Station, Sands End",51.474665,-0.18316517,2020-10-05 13:19:00,20,2,true,false,2015-08-13 09:40:00
781,"Victoria & Albert Museum, South Kensington",51.495898,-0.173009,2020-10-05 13:19:00,3,27,true,false,2015-11-02 17:29:00
782,"Halford Road, West Kensington",51.483911,-0.19760944,2020-10-05 13:19:00,4,20,true,false,2015-11-02 17:37:00
783,"Monier Road, Hackney Wick",51.5403115,-0.021630359,2020-10-05 13:19:00,15,10,true,false,2015-11-26 09:21:00
784,"East Village, Queen Elizabeth Olympic Park",51.546326,-0.00993526,2020-10-05 13:19:00,12,19,true,false,2016-01-14 16:34:00
785,"Aquatic Centre, Queen Elizabeth Olympic Park",51.54094,-0.010510565,2020-10-05 13:19:00,41,11,true,false,2016-01-04 11:54:00
786,"Lee Valley VeloPark, Queen Elizabeth Olympic Park",51.549369,-0.015717614,2020-10-05 13:19:00,2,41,true,false,2016-01-04 14:36:00
787,"Timber Lodge, Queen Elizabeth Olympic Park",51.546805,-0.01469126,2020-10-05 13:19:00,2,30,true,false,2016-01-04 09:45:00
789,"Podium, Queen Elizabeth Olympic Park",51.538718,-0.011889482,2020-10-05 13:19:00,37,2,true,false,2016-01-11 10:10:00
790,"Stratford Station, Stratford",51.541793,-0.00481,2020-10-05 13:19:00,20,5,true,false,2016-01-13 12:17:00
792,"Blackfriars Road, Southwark",51.505461,-0.10454093,2020-10-05 13:19:00,36,6,true,false,2016-02-08 10:13:00
793,"Cromer Street, Bloomsbury",51.528279,-0.11955857,2020-10-05 13:19:00,3,25,true,false,2016-03-31 12:46:00
794,"Victoria Rise, Clapham Common",51.461376,-0.14780467,2020-10-05 13:19:00,6,15,true,false,2016-02-25 12:44:00
795,"Euston Square Gardens, Euston",51.527068,-0.13186102,2020-10-05 13:19:00,14,16,true,false,2016-02-29 11:19:00
796,"Coram Street, Bloomsbury",51.524,-0.12640984,2020-10-05 13:19:00,11,15,true,false,2016-02-29 11:47:00
797,"Ossulston Street, Somers Town",51.5293,-0.12827903,2020-10-05 13:19:00,10,18,true,false,2016-03-01 13:39:00
798,"Birkenhead Street, King's Cross",51.5301998755,-0.122299440803,2020-10-05 13:19:00,2,24,true,false,2016-06-01 14:33:00
799,"Kings Gate House, Westminster",51.4976984561,-0.137598896295,2020-10-05 13:19:00,7,15,true,false,2016-06-02 15:08:00
800,"Sopwith Way, Battersea Park",51.4811219398,-0.149035374873,2020-10-05 13:19:00,23,7,true,false,2016-03-04 15:59:00
801,"Lavington Street, Bankside",51.5052241745,-0.0980318118664,2020-10-05 13:19:00,19,9,true,false,2016-03-24 13:04:00
802,"Albert Square, Stockwell",51.4765900593,-0.118256789081,2020-10-05 13:19:00,0,32,true,false,2016-06-02 12:05:00
803,"Southwark Street, Bankside",51.5054099403,-0.0983410884509,2020-10-05 13:19:00,1,22,true,false,2016-06-01 14:31:00
804,"Good's Way, King's Cross",51.5346677396,-0.125078652873,2020-10-05 13:19:00,26,1,true,false,2016-03-31 08:56:00
805,"The Metropolitan, Portobello",51.520509,-0.20080483,2020-10-05 13:19:00,0,16,true,false,2016-07-04 11:00:00
806,"Handyside Street, King's Cross",51.5372405623,-0.124807385707,2020-10-05 13:19:00,8,17,true,false,2016-09-01 10:51:00
807,"Bevington Road West, North Kensington",51.5212,-0.208888173,2020-10-05 13:19:00,12,11,true,false,2016-06-23 22:00:00
809,"Lincoln's Inn Fields, Holborn",51.5162778834,-0.118272991635,2020-10-05 13:19:00,5,23,true,false,2016-07-04 15:00:00
810,"Tate Modern, Bankside",51.5067252868,-0.0988072461627,2020-10-05 13:19:00,5,25,true,false,2016-06-03 09:40:00
811,"Westferry Circus, Canary Wharf",51.5057030357,-0.0277727426235,2020-10-05 13:19:00,14,12,true,false,2016-07-26 14:16:00
812,"Here East North, Queen Elizabeth Olympic Park",51.5487311915,-0.0226065549321,2020-10-05 13:19:00,12,16,true,false,2016-07-20 10:00:00
813,"New Spring Gardens Walk, Vauxhall",51.4878074485,-0.122759625866,2020-10-05 13:19:00,10,26,true,false,2016-07-04 11:12:00
814,"Clapham Road, Lingham Street, Stockwell",51.4714330677,-0.123670735702,2020-10-05 13:19:00,2,28,true,false,2016-06-02 13:21:00
815,"Lambeth Palace Road, Waterloo",51.5000891978,-0.116628700672,2020-10-05 13:19:00,35,0,true,false,2016-05-04 11:28:00
816,"Here East South, Queen Elizabeth Olympic Park",51.5465327935,-0.0205975904647,2020-10-05 13:19:00,6,22,true,false,2017-03-09 13:16:00
817,"Riverlight South, Nine Elms",51.4813354746,-0.138212295869,2020-10-05 13:19:00,20,6,true,false,2016-06-03 11:19:00
818,"Westminster Pier, Westminster",51.501513,-0.12382322,2020-10-05 13:19:00,22,3,true,false,2019-07-24 09:59:00
819,"Belvedere Road 2, South Bank",51.50621,-0.114842,2020-10-05 13:19:00,5,33,true,false,2016-10-13 13:02:00
820,"Victory Place, Walworth",51.492807,-0.091938,2020-10-05 13:19:00,2,22,true,false,2016-12-15 13:19:00
821,"Battersea Power Station, Battersea Park",51.4835074867,-0.147714557371,2020-10-05 13:19:00,12,13,true,false,2017-02-17 12:52:00
826,"Allington Street, Victoria",51.496863,-0.1429434,2020-10-05 13:19:00,8,17,true,false,2017-07-20 13:48:00
827,"Cranmer Road, Stockwell",51.479601,-0.11147178,2020-10-05 13:19:00,17,7,true,false,2018-02-05 00:00:00
828,"Normandy Road, Stockwell",51.473874,-0.11258096,2020-10-05 13:19:00,2,27,true,false,2018-02-05 00:00:00
829,"Wynne Road, Stockwell",51.469217,-0.11268674,2020-10-05 13:19:00,15,9,true,false,2018-02-01 00:00:00
830,"Sidney Road, Stockwell",51.469202,-0.11902256,2020-10-05 13:19:00,11,15,true,false,2018-02-07 00:00:00
831,"St John's Crescent, Brixton",51.466232,-0.11317995,2020-10-05 13:19:00,16,9,true,false,2018-02-07 00:00:00
832,"Ferndale Road, Brixton",51.464019,-0.11578197,2020-10-05 13:19:00,5,25,true,false,2018-02-07 00:00:00
833,"Saltoun Road, Brixton",51.460232,-0.11537509,2020-10-05 13:19:00,32,9,true,false,2018-02-06 00:00:00
834,"Gas Holders, Battersea Park",51.477966,-0.14785703,2020-10-05 13:19:00,9,16,true,false,2018-06-20 00:00:00
835,"Farringdon Street, Holborn",51.516785,-0.10494775,2020-10-05 13:19:00,16,8,true,false,1970-01-01 01:00:00
836,"York Way, Kings Cross",51.541596,-0.12544145,2020-10-05 13:19:00,5,18,true,false,1970-01-01 01:00:00
838,"Fore Street Avenue, Guildhall",51.518093,-0.0914017,2020-10-05 13:19:00,6,19,true,false,2018-10-11 11:45:00
839,"Sea Containers, South Bank",51.508033,-0.10682363,2020-10-05 13:19:00,7,23,true,false,2018-12-12 10:39:00
840,"George Row, Bermondsey",51.498585,-0.068981764,2020-10-05 13:19:00,20,1,true,false,2020-09-10 16:44:00
841,"Tower Wharf, Bermondsey",51.500845,-0.074704305,2020-10-05 13:19:00,18,2,true,false,1970-01-01 01:00:00
842,"Temple Gardens, Temple",51.510981,-0.10832249,2020-10-05 13:19:00,0,24,true,false,2020-09-23 11:20:00
